Year,Customer Code,No. of BKG,Week,Office,Transport mode,No. of Voy
2023,AEBV,76,1,SGN,Sea,11
2023,AEO,1,1,SGN,Air,1
2023,AEO,94,1,SGN,Sea,2
2023,ANNINC,16,1,SGN,Sea,1
2023,ATS,2,1,SGN,Sea,1
2023,ATC,3,1,SGN,Air,3
2023,ATC,22,1,SGN,Sea,7
2023,BOSE,4,1,SGN,Sea,1
2023,BHBEJ,3,1,SGN,Sea,1
2023,BPSH,4,1,SGN,Sea,3
2023,BPSHCA,9,1,SGN,Sea,4
2023,COLE,11,1,SGN,Sea,2
2023,CONVRS,15,1,SGN,Sea,2
2023,ENSPOR,2,1,SGN,Sea,1
2023,CLUSH,3,1,SGN,Sea,1
2023,DEMO,2,1,SGN,Sea,1
2023,PESPO,1,1,SGN,Sea,1
2023,DICKS,9,1,SGN,Sea,6
2023,BELL,2,1,SGN,Sea,2
2023,EDDIEB,3,1,SGN,Sea,2
2023,GAP,396,1,SGN,Sea,8
2023,HAGGAR,17,1,SGN,Sea,3
2023,HBIRAW,2,1,SGN,Air,2
2023,HORBAC,7,1,SGN,Sea,2
2023,ITGM,5,1,SGN,Sea,1
2023,JCREW,11,1,SGN,Air,4
2023,JCREW,12,1,SGN,Sea,1
2023,LIICO,1,1,SGN,Sea,1
2023,TKMAXX,114,1,SGN,Sea,10
2023,NBAL,229,1,SGN,Sea,11
2023,NBC,31,1,SGN,Sea,4
2023,NBMY,27,1,SGN,Sea,1
2023,NBSG,19,1,SGN,Sea,2
2023,EMCI,1,1,SGN,Sea,1
2023,SWOOSH,8,1,SGN,Air,8
2023,SWOOSH,3586,1,SGN,Sea,258
2023,EMLUX,33,1,SGN,Sea,1
2023,EUROM,17,1,SGN,Sea,14
2023,OFWO,4,1,SGN,Sea,4
2023,PACSUN,7,1,SGN,Sea,2
2023,RH,91,1,SGN,Sea,28
2023,RSGC,11,1,SGN,Sea,5
2023,ALBRT,3,1,SGN,Sea,1
2023,CKPFEU,4,1,SGN,Sea,1
2023,CKRTEU,2,1,SGN,Sea,1
2023,CKSWEU,5,1,SGN,Sea,2
2023,TOMBOD,2,1,SGN,Sea,1
2023,TOMFTW,1,1,SGN,Sea,1
2023,ARMOUR,114,1,SGN,Sea,19
2023,UAAIR,12,1,SGN,Air,12
2023,UADSHP,6,1,SGN,Sea,1
2023,UAWEN,11,1,SGN,Sea,1
2023,URBAN,90,1,SGN,Sea,6
2023,IMAGE,3,1,SGN,Sea,2
2023,OUTDOR,8,1,SGN,Air,6
2023,OUTDOR,146,1,SGN,Sea,31
2023,DORM,1,1,SGN,Sea,1
2023,PVHJA,2,1,SGN,Sea,1
2023,THAS,5,1,SGN,Sea,2
2023,WARAS,3,1,SGN,Sea,2
2023,XATPE,7,1,SGN,Sea,6
2023,XWASO,5,1,SGN,Sea,5
2023,AAFZE,8,2,SGN,Sea,1
2023,AEBV,84,2,SGN,Sea,20
2023,AEO,4,2,SGN,Air,1
2023,AEO,130,2,SGN,Sea,3
2023,AEOMEX,25,2,SGN,Sea,1
2023,AEOMIX,94,2,SGN,Sea,1
2023,ALLB,1,2,SGN,Sea,1
2023,ANNINC,78,2,SGN,Sea,2
2023,ATS,27,2,SGN,Sea,2
2023,ATC,1,2,SGN,Air,1
2023,ATC,35,2,SGN,Sea,9
2023,BOSE,5,2,SGN,Sea,1
2023,BPSHCA,4,2,SGN,Sea,3
2023,COLE,16,2,SGN,Sea,3
2023,CONVRS,2,2,SGN,Air,2
2023,CONVRS,36,2,SGN,Sea,7
2023,DEICH,34,2,SGN,Sea,8
2023,ENGRS,6,2,SGN,Sea,1
2023,ENSHOE,2,2,SGN,Sea,1
2023,ENSPOR,2,2,SGN,Sea,1
2023,DEMO,1,2,SGN,Sea,1
2023,DSAQSP,2,2,SGN,Sea,1
2023,EDDIEB,1,2,SGN,Air,1
2023,EDDIEB,9,2,SGN,Sea,4
2023,ELDOR,1,2,SGN,Sea,1
2023,GAP,1055,2,SGN,Sea,8
2023,HAGGAR,19,2,SGN,Sea,1
2023,GFSI,3,2,SGN,Sea,1
2023,HBIRAW,2,2,SGN,Sea,1
2023,HORBAC,41,2,SGN,Sea,8
2023,HUNK,1,2,SGN,Sea,1
2023,ITGM,2,2,SGN,Sea,2
2023,JCREW,8,2,SGN,Air,4
2023,JCREW,20,2,SGN,Sea,2
2023,TKMAXX,1,2,SGN,Sea,1
2023,NBAL,10,2,SGN,Air,2
2023,NBAL,337,2,SGN,Sea,13
2023,NBC,8,2,SGN,Sea,1
2023,NBSG,49,2,SGN,Sea,3
2023,EWCEU,1,2,SGN,Sea,1
2023,NHAC,2,2,SGN,Sea,1
2023,SWOOSH,55,2,SGN,Air,53
2023,SWOOSH,5408,2,SGN,Sea,336
2023,EMLUX,3,2,SGN,Sea,2
2023,EUROM,47,2,SGN,Sea,16
2023,PACSUN,1,2,SGN,Air,1
2023,PACSUN,15,2,SGN,Sea,4
2023,RH,67,2,SGN,Sea,21
2023,RSGC,10,2,SGN,Sea,5
2023,CKFWEU,1,2,SGN,Sea,1
2023,CKJEEU,15,2,SGN,Sea,2
2023,CKKDEU,2,2,SGN,Sea,2
2023,CKMSEU,2,2,SGN,Sea,1
2023,CKSWEU,21,2,SGN,Sea,4
2023,CKWOEU,1,2,SGN,Sea,1
2023,TOMBOD,5,2,SGN,Sea,1
2023,TOMFTW,15,2,SGN,Sea,3
2023,TOMHAN,5,2,SGN,Sea,1
2023,TOMRTL,12,2,SGN,Sea,1
2023,ARMOUR,1,2,SGN,Air,1
2023,ARMOUR,194,2,SGN,Sea,21
2023,UAAIR,26,2,SGN,Air,26
2023,UADSHP,16,2,SGN,Sea,1
2023,UAWEN,6,2,SGN,Sea,1
2023,URBAN,115,2,SGN,Sea,9
2023,OUTDOR,11,2,SGN,Air,5
2023,OUTDOR,228,2,SGN,Sea,30
2023,DORM,1,2,SGN,Sea,1
2023,PVHJA,4,2,SGN,Sea,2
2023,THAS,3,2,SGN,Sea,2
2023,WARAS,1,2,SGN,Sea,1
2023,XCALM,2,2,SGN,Sea,1
2023,XWASO,1,2,SGN,Sea,1
2023,AAFES,40,3,SGN,Sea,4
2023,AAFZE,1,3,SGN,Air,1
2023,AEBV,31,3,SGN,Sea,7
2023,AEO,85,3,SGN,Sea,1
2023,AEOMEX,16,3,SGN,Sea,1
2023,AEOMIX,37,3,SGN,Sea,1
2023,ALLB,1,3,SGN,Sea,1
2023,ANNINC,121,3,SGN,Sea,2
2023,ATS,37,3,SGN,Sea,1
2023,BOSE,7,3,SGN,Sea,1
2023,BHBEJ,2,3,SGN,Sea,2
2023,BPSH,6,3,SGN,Sea,5
2023,BPSHCA,2,3,SGN,Sea,1
2023,COLE,1,3,SGN,Air,1
2023,COLE,4,3,SGN,Sea,2
2023,CONVRS,15,3,SGN,Sea,6
2023,DEICH,35,3,SGN,Sea,7
2023,ENGRS,2,3,SGN,Sea,1
2023,ENSHOE,6,3,SGN,Sea,1
2023,EDDIEB,2,3,SGN,Sea,1
2023,GAP,138,3,SGN,Sea,6
2023,HAGGAR,14,3,SGN,Sea,3
2023,HBIRAW,6,3,SGN,Sea,2
2023,HORBAC,2,3,SGN,Sea,1
2023,HORBUB,7,3,SGN,Sea,1
2023,HOSLEY,1,3,SGN,Sea,1
2023,HUNK,1,3,SGN,Sea,1
2023,ITGM,5,3,SGN,Sea,2
2023,JCREW,7,3,SGN,Air,3
2023,JCREW,26,3,SGN,Sea,1
2023,LIIRE,2,3,SGN,Air,2
2023,TKMAXX,72,3,SGN,Sea,5
2023,NBAL,22,3,SGN,Air,4
2023,NBAL,193,3,SGN,Sea,7
2023,NBC,74,3,SGN,Sea,5
2023,NBMY,7,3,SGN,Sea,1
2023,NBSG,1,3,SGN,Sea,1
2023,EMCI,1,3,SGN,Sea,1
2023,NHAC,1,3,SGN,Sea,1
2023,SWOOSH,15,3,SGN,Air,14
2023,SWOOSH,3410,3,SGN,Sea,270
2023,EMLUX,1,3,SGN,Sea,1
2023,EUROM,31,3,SGN,Sea,8
2023,OBIPOL,2,3,SGN,Sea,1
2023,PACSUN,2,3,SGN,Sea,1
2023,RH,15,3,SGN,Sea,8
2023,RSGC,17,3,SGN,Sea,3
2023,TOMFTW,16,3,SGN,Sea,2
2023,TRUINT,2,3,SGN,Sea,1
2023,ARMOUR,41,3,SGN,Sea,10
2023,UAAIR,2,3,SGN,Air,2
2023,URBAN,54,3,SGN,Sea,3
2023,OUTDOR,1,3,SGN,Air,1
2023,OUTDOR,36,3,SGN,Sea,13
2023,HFSC,1,3,SGN,Sea,1
2023,PVHJA,5,3,SGN,Sea,2
2023,THAS,17,3,SGN,Sea,3
2023,WARAS,13,3,SGN,Sea,5
2023,XATPE,1,3,SGN,Sea,1
2023,XCALM,1,3,SGN,Sea,1
2023,XKEENI,1,3,SGN,Sea,1
2023,XWASO,1,3,SGN,Sea,1
2023,SWOOSH,36,4,SGN,Sea,18
2023,RSGC,1,4,SGN,Sea,1
2023,UAWEN,19,4,SGN,Sea,9
2023,AEBV,31,5,SGN,Sea,7
2023,AEOMIX,9,5,SGN,Sea,1
2023,GORE,7,5,SGN,Sea,1
2023,ATC,1,5,SGN,Air,1
2023,ATC,21,5,SGN,Sea,5
2023,BOSE,3,5,SGN,Sea,1
2023,BPSH,3,5,SGN,Sea,1
2023,BPSHCA,6,5,SGN,Sea,2
2023,COLE,9,5,SGN,Sea,2
2023,CONVRS,7,5,SGN,Sea,5
2023,SPST,7,5,SGN,Sea,2
2023,DICKS,6,5,SGN,Air,6
2023,DICKS,2,5,SGN,Sea,2
2023,EDDIEB,1,5,SGN,Sea,1
2023,ELDOR,2,5,SGN,Sea,1
2023,GAP,529,5,SGN,Sea,10
2023,GFSI,4,5,SGN,Sea,1
2023,HBIRAW,3,5,SGN,Air,3
2023,HBIRAW,1,5,SGN,Sea,1
2023,JCREW,3,5,SGN,Air,2
2023,JCREW,23,5,SGN,Sea,2
2023,TKMAXX,32,5,SGN,Sea,4
2023,NBAL,1,5,SGN,Air,1
2023,NBAL,132,5,SGN,Sea,7
2023,NBC,44,5,SGN,Sea,4
2023,NBMY,25,5,SGN,Sea,1
2023,NBSG,8,5,SGN,Sea,1
2023,SWOOSH,21,5,SGN,Air,21
2023,SWOOSH,1339,5,SGN,Sea,162
2023,EUROM,6,5,SGN,Sea,3
2023,OBIPOL,1,5,SGN,Sea,1
2023,PACSUN,2,5,SGN,Sea,1
2023,RACK,2,5,SGN,Sea,1
2023,RH,2,5,SGN,Sea,1
2023,RSGC,7,5,SGN,Sea,3
2023,TOMBOD,5,5,SGN,Sea,2
2023,TOMHAN,12,5,SGN,Sea,3
2023,TOMRTL,3,5,SGN,Sea,2
2023,TOTES,1,5,SGN,Sea,1
2023,ARMOUR,124,5,SGN,Sea,16
2023,UAAIR,12,5,SGN,Air,12
2023,UADSHP,4,5,SGN,Sea,1
2023,URBAN,23,5,SGN,Sea,1
2023,OUTDOR,5,5,SGN,Air,3
2023,OUTDOR,126,5,SGN,Sea,23
2023,DORM,1,5,SGN,Sea,1
2023,THAS,10,5,SGN,Sea,1
2023,XATPE,1,5,SGN,Sea,1
2023,XWASO,1,5,SGN,Sea,1
2023,AAFZE,5,6,SGN,Sea,1
2023,AEBV,1,6,SGN,Air,1
2023,AEBV,45,6,SGN,Sea,10
2023,AEO,2,6,SGN,Air,1
2023,AEOMIX,228,6,SGN,Sea,5
2023,ANNINC,15,6,SGN,Sea,1
2023,ATS,6,6,SGN,Sea,1
2023,ATC,1,6,SGN,Air,1
2023,ATC,21,6,SGN,Sea,5
2023,BOSE,3,6,SGN,Sea,1
2023,BPSH,6,6,SGN,Sea,3
2023,BPSHCA,3,6,SGN,Sea,1
2023,COLE,2,6,SGN,Air,1
2023,COLE,3,6,SGN,Sea,1
2023,CONVRS,12,6,SGN,Sea,4
2023,DEICH,31,6,SGN,Sea,4
2023,ENGRS,1,6,SGN,Sea,1
2023,MYSHOE,1,6,SGN,Sea,1
2023,DEMO,1,6,SGN,Sea,1
2023,DICKS,3,6,SGN,Air,3
2023,DICKS,16,6,SGN,Sea,7
2023,EDDIEB,2,6,SGN,Sea,2
2023,GAP,538,6,SGN,Sea,12
2023,HAGGAR,11,6,SGN,Sea,2
2023,HORBAC,4,6,SGN,Sea,2
2023,HUNK,1,6,SGN,Sea,1
2023,ITGM,8,6,SGN,Sea,3
2023,JCREW,4,6,SGN,Air,3
2023,JCREW,26,6,SGN,Sea,1
2023,LIIRE,1,6,SGN,Air,1
2023,LIIWWR,1,6,SGN,Sea,1
2023,TKMAXX,110,6,SGN,Sea,8
2023,NBAL,116,6,SGN,Sea,4
2023,NBC,49,6,SGN,Sea,3
2023,NBMY,20,6,SGN,Sea,2
2023,NBSG,34,6,SGN,Sea,1
2023,SWOOSH,5,6,SGN,Air,5
2023,SWOOSH,2306,6,SGN,Sea,220
2023,EMLUX,6,6,SGN,Sea,1
2023,EUROM,13,6,SGN,Sea,8
2023,OBIPOL,3,6,SGN,Sea,1
2023,RACK,4,6,SGN,Sea,2
2023,RH,58,6,SGN,Sea,11
2023,RSGC,9,6,SGN,Sea,4
2023,CKACEU,8,6,SGN,Sea,2
2023,CKJEEU,6,6,SGN,Sea,2
2023,CKKDEU,3,6,SGN,Sea,2
2023,CKSWEU,8,6,SGN,Sea,3
2023,TOMBOD,7,6,SGN,Sea,2
2023,TOMHAN,8,6,SGN,Sea,1
2023,TOMJEU,2,6,SGN,Sea,1
2023,ARMOUR,86,6,SGN,Sea,19
2023,UAAIR,2,6,SGN,Air,2
2023,UADSHP,3,6,SGN,Sea,2
2023,UAWEN,1,6,SGN,Sea,1
2023,URBAN,23,6,SGN,Sea,3
2023,IMAGE,7,6,SGN,Sea,1
2023,OUTDOR,2,6,SGN,Air,2
2023,OUTDOR,196,6,SGN,Sea,31
2023,PVHJA,1,6,SGN,Sea,1
2023,THAS,7,6,SGN,Sea,2
2023,WARAS,1,6,SGN,Sea,1
2023,XATPE,4,6,SGN,Sea,4
2023,XCALM,1,6,SGN,Sea,1
2023,XREDC,1,6,SGN,Sea,1
2023,AEBV,30,7,SGN,Sea,8
2023,AEOHK,46,7,SGN,Sea,1
2023,AEOJP,29,7,SGN,Sea,1
2023,AEOMEX,84,7,SGN,Sea,1
2023,AEOMIX,156,7,SGN,Sea,4
2023,ALLB,3,7,SGN,Sea,1
2023,ANNINC,277,7,SGN,Sea,5
2023,ATS,57,7,SGN,Sea,1
2023,ATC,49,7,SGN,Sea,9
2023,BOSE,5,7,SGN,Sea,1
2023,BPSH,2,7,SGN,Sea,2
2023,BPSHCA,6,7,SGN,Sea,2
2023,CONVRS,15,7,SGN,Sea,5
2023,DEICH,1,7,SGN,Sea,1
2023,CLUSH,2,7,SGN,Sea,1
2023,DEMO,2,7,SGN,Sea,1
2023,SPST,2,7,SGN,Sea,1
2023,DICKS,33,7,SGN,Sea,5
2023,DSAQSP,2,7,SGN,Sea,1
2023,EDDIEB,1,7,SGN,Sea,1
2023,ELDOR,3,7,SGN,Sea,1
2023,GAP,647,7,SGN,Sea,12
2023,HAGGAR,15,7,SGN,Sea,2
2023,GFSI,2,7,SGN,Sea,1
2023,HBIRAW,2,7,SGN,Air,2
2023,HBIRAW,2,7,SGN,Sea,2
2023,HORBAC,4,7,SGN,Sea,3
2023,HUNK,1,7,SGN,Air,1
2023,HUNK,1,7,SGN,Sea,1
2023,ITGM,6,7,SGN,Sea,3
2023,JCREW,11,7,SGN,Air,6
2023,JCREW,9,7,SGN,Sea,1
2023,LIIRE,1,7,SGN,Sea,1
2023,TKMAXX,62,7,SGN,Sea,9
2023,NBAL,5,7,SGN,Air,2
2023,NBAL,294,7,SGN,Sea,12
2023,NBC,84,7,SGN,Sea,5
2023,NBSG,14,7,SGN,Sea,1
2023,EMCI,1,7,SGN,Sea,1
2023,SWOOSH,5,7,SGN,Air,5
2023,SWOOSH,2870,7,SGN,Sea,230
2023,EMLUX,27,7,SGN,Sea,2
2023,EUROM,24,7,SGN,Sea,10
2023,OBIPOL,7,7,SGN,Sea,3
2023,RH,68,7,SGN,Sea,25
2023,RSGC,11,7,SGN,Sea,3
2023,CKACEU,3,7,SGN,Sea,2
2023,CKJEEU,2,7,SGN,Sea,2
2023,CKMSEU,1,7,SGN,Sea,1
2023,CKSWEU,2,7,SGN,Sea,1
2023,TOMBOD,8,7,SGN,Sea,2
2023,TOMFTW,1,7,SGN,Sea,1
2023,TOMHAN,2,7,SGN,Sea,1
2023,TOMJEU,7,7,SGN,Sea,2
2023,TOMRTL,1,7,SGN,Sea,1
2023,ARMOUR,99,7,SGN,Sea,16
2023,UAAIR,4,7,SGN,Air,4
2023,UADSHP,4,7,SGN,Sea,1
2023,UAWEN,10,7,SGN,Sea,2
2023,URBAN,69,7,SGN,Sea,6
2023,IMAGE,2,7,SGN,Sea,1
2023,OUTDOR,2,7,SGN,Air,2
2023,OUTDOR,162,7,SGN,Sea,28
2023,DORM,1,7,SGN,Sea,1
2023,PVHJA,1,7,SGN,Sea,1
2023,THAS,5,7,SGN,Sea,3
2023,WARAS,2,7,SGN,Sea,2
2023,XATPE,1,7,SGN,Sea,1
2023,XHBIL,2,7,SGN,Sea,2
2023,AEBV,1,8,SGN,Air,1
2023,AEBV,45,8,SGN,Sea,11
2023,AEOMEX,2,8,SGN,Sea,1
2023,AEOMIX,47,8,SGN,Sea,5
2023,ANNINC,16,8,SGN,Sea,1
2023,ATS,38,8,SGN,Sea,2
2023,ATC,14,8,SGN,Sea,3
2023,BOSE,2,8,SGN,Sea,1
2023,BPSH,3,8,SGN,Sea,2
2023,BPSHCA,10,8,SGN,Sea,3
2023,COLE,15,8,SGN,Sea,2
2023,CONVRS,5,8,SGN,Sea,2
2023,DICKS,17,8,SGN,Sea,5
2023,EDDIEB,2,8,SGN,Sea,2
2023,GAP,658,8,SGN,Sea,8
2023,HAGGAR,8,8,SGN,Sea,2
2023,GFSI,1,8,SGN,Sea,1
2023,HBIRAW,1,8,SGN,Sea,1
2023,HORBAC,10,8,SGN,Sea,3
2023,HUNK,3,8,SGN,Sea,1
2023,ITGM,6,8,SGN,Sea,2
2023,JCREW,25,8,SGN,Air,7
2023,JCREW,16,8,SGN,Sea,1
2023,MKI,1,8,SGN,Sea,1
2023,TKMAXX,66,8,SGN,Sea,4
2023,NBAL,5,8,SGN,Air,2
2023,NBAL,106,8,SGN,Sea,11
2023,NBC,38,8,SGN,Sea,4
2023,NBMY,3,8,SGN,Sea,2
2023,NBSG,5,8,SGN,Sea,1
2023,EMCI,1,8,SGN,Sea,1
2023,SWOOSH,13,8,SGN,Air,13
2023,SWOOSH,2013,8,SGN,Sea,194
2023,EMLUX,1,8,SGN,Sea,1
2023,EUROM,7,8,SGN,Sea,3
2023,OBIPOL,2,8,SGN,Sea,1
2023,RH,90,8,SGN,Sea,23
2023,RSGC,9,8,SGN,Sea,1
2023,SPENCR,3,8,SGN,Sea,1
2023,CKACEU,1,8,SGN,Sea,1
2023,CKJEEU,5,8,SGN,Sea,2
2023,CKKDEU,4,8,SGN,Sea,2
2023,CKMSEU,1,8,SGN,Sea,1
2023,CKSWEU,5,8,SGN,Sea,2
2023,CKWOEU,1,8,SGN,Sea,1
2023,TOMBOD,11,8,SGN,Sea,2
2023,TOMFTW,11,8,SGN,Sea,2
2023,TOMSEU,3,8,SGN,Sea,2
2023,ARMOUR,102,8,SGN,Sea,15
2023,UAAIR,3,8,SGN,Air,3
2023,UAWEN,1,8,SGN,Sea,1
2023,URBAN,58,8,SGN,Sea,6
2023,IMAGE,2,8,SGN,Sea,2
2023,OUTDOR,102,8,SGN,Sea,27
2023,DORM,1,8,SGN,Sea,1
2023,HFSC,1,8,SGN,Sea,1
2023,PVHJA,3,8,SGN,Sea,3
2023,THAS,3,8,SGN,Sea,2
2023,WARAS,7,8,SGN,Sea,5
2023,X47BL,1,8,SGN,Sea,1
2023,XATPE,2,8,SGN,Sea,1
2023,XCALM,2,8,SGN,Sea,1
2023,XKEENI,1,8,SGN,Sea,1
2023,XWASO,3,8,SGN,Sea,1
2023,AAFES,2,9,SGN,Sea,1
2023,AAFZE,2,9,SGN,Sea,1
2023,AEBV,77,9,SGN,Sea,12
2023,AEOMEX,13,9,SGN,Sea,1
2023,AEOMIX,16,9,SGN,Sea,3
2023,GORE,23,9,SGN,Sea,1
2023,ALLB,2,9,SGN,Sea,1
2023,ATC,3,9,SGN,Air,2
2023,ATC,40,9,SGN,Sea,7
2023,BOSE,3,9,SGN,Sea,1
2023,BHBEJ,3,9,SGN,Sea,1
2023,BPSH,4,9,SGN,Sea,3
2023,BPSHCA,3,9,SGN,Sea,2
2023,CONVRS,1,9,SGN,Air,1
2023,CONVRS,10,9,SGN,Sea,3
2023,DEICH,3,9,SGN,Sea,1
2023,MYSHOE,13,9,SGN,Sea,1
2023,VANHA,3,9,SGN,Sea,1
2023,DICKS,1,9,SGN,Air,1
2023,DSAQSP,1,9,SGN,Sea,1
2023,BELL,2,9,SGN,Sea,2
2023,EDDIEB,1,9,SGN,Air,1
2023,EDDIEB,8,9,SGN,Sea,2
2023,GAP,549,9,SGN,Sea,12
2023,HAGGAR,17,9,SGN,Sea,4
2023,HBIRAW,3,9,SGN,Air,3
2023,HBIRAW,2,9,SGN,Sea,1
2023,JCREW,12,9,SGN,Air,4
2023,JCREW,38,9,SGN,Sea,3
2023,TKMAXX,105,9,SGN,Sea,6
2023,NBAL,120,9,SGN,Sea,9
2023,NBC,27,9,SGN,Sea,2
2023,NBMY,14,9,SGN,Sea,2
2023,NBSG,17,9,SGN,Sea,2
2023,EMCI,1,9,SGN,Sea,1
2023,SWOOSH,5,9,SGN,Air,5
2023,SWOOSH,2164,9,SGN,Sea,200
2023,EMLUX,4,9,SGN,Sea,1
2023,EUROM,5,9,SGN,Sea,2
2023,PACSUN,1,9,SGN,Sea,1
2023,RACK,4,9,SGN,Sea,2
2023,RH,79,9,SGN,Sea,18
2023,RSGC,2,9,SGN,Sea,2
2023,SPENCR,3,9,SGN,Sea,1
2023,CKACEU,1,9,SGN,Sea,1
2023,CKJEEU,5,9,SGN,Sea,3
2023,CKMSEU,1,9,SGN,Sea,1
2023,CKRTEU,1,9,SGN,Sea,1
2023,CKSWEU,1,9,SGN,Sea,1
2023,CKWOEU,1,9,SGN,Sea,1
2023,TOMBOD,2,9,SGN,Sea,2
2023,TOMFTW,5,9,SGN,Sea,2
2023,TOMJEU,1,9,SGN,Sea,1
2023,TOMRTL,2,9,SGN,Sea,2
2023,ARMOUR,70,9,SGN,Sea,13
2023,UAAIR,1,9,SGN,Air,1
2023,UADSHP,1,9,SGN,Sea,1
2023,UAWEN,17,9,SGN,Sea,2
2023,URBAN,53,9,SGN,Sea,4
2023,IMAGE,1,9,SGN,Air,1
2023,IMAGE,3,9,SGN,Sea,1
2023,OUTDOR,113,9,SGN,Sea,23
2023,PVHJA,3,9,SGN,Sea,1
2023,THAS,4,9,SGN,Sea,1
2023,WARAS,14,9,SGN,Sea,5
2023,XATPE,2,9,SGN,Sea,2
2023,XWASO,2,9,SGN,Sea,2
2023,AEBV,71,10,SGN,Sea,10
2023,AEO,3,10,SGN,Air,1
2023,AEOHK,5,10,SGN,Sea,1
2023,AEOJP,4,10,SGN,Sea,1
2023,AEOMEX,5,10,SGN,Sea,1
2023,AEOMIX,35,10,SGN,Sea,2
2023,ANNINC,50,10,SGN,Sea,2
2023,ATS,7,10,SGN,Sea,1
2023,ATC,46,10,SGN,Sea,4
2023,BOSE,2,10,SGN,Sea,1
2023,BPSHCA,2,10,SGN,Sea,2
2023,COLE,2,10,SGN,Sea,2
2023,CONVRS,20,10,SGN,Sea,6
2023,DEICH,13,10,SGN,Sea,3
2023,MYSHOE,3,10,SGN,Sea,2
2023,DEMO,2,10,SGN,Sea,1
2023,SPST,1,10,SGN,Sea,1
2023,XSCIN,1,10,SGN,Sea,1
2023,DICKS,6,10,SGN,Sea,2
2023,EDDIEB,15,10,SGN,Sea,3
2023,ELDOR,9,10,SGN,Sea,2
2023,GAP,537,10,SGN,Sea,9
2023,HAGGAR,6,10,SGN,Sea,2
2023,HBIRAW,1,10,SGN,Sea,1
2023,HOSLEY,1,10,SGN,Sea,1
2023,JCREW,8,10,SGN,Air,2
2023,JCREW,25,10,SGN,Sea,2
2023,LIIRE,1,10,SGN,Sea,1
2023,TKMAXX,10,10,SGN,Sea,4
2023,NBAL,2,10,SGN,Air,2
2023,NBAL,213,10,SGN,Sea,10
2023,NBC,8,10,SGN,Sea,1
2023,NBMY,2,10,SGN,Sea,1
2023,SWOOSH,16,10,SGN,Air,16
2023,SWOOSH,1452,10,SGN,Sea,156
2023,EMLUX,23,10,SGN,Sea,1
2023,EUROM,3,10,SGN,Sea,2
2023,PACSUN,4,10,SGN,Air,4
2023,PACSUN,10,10,SGN,Sea,2
2023,RH,94,10,SGN,Sea,18
2023,RSGC,5,10,SGN,Sea,2
2023,SPENCR,6,10,SGN,Sea,1
2023,CKJEEU,6,10,SGN,Sea,2
2023,CKKDEU,1,10,SGN,Sea,1
2023,CKMSEU,4,10,SGN,Sea,2
2023,CKSWEU,2,10,SGN,Sea,1
2023,CKWOEU,1,10,SGN,Sea,1
2023,TOMBOD,2,10,SGN,Sea,2
2023,TOMCEU,3,10,SGN,Sea,2
2023,TOMFTW,9,10,SGN,Sea,3
2023,TOMRTL,1,10,SGN,Sea,1
2023,ARMOUR,116,10,SGN,Sea,16
2023,UAAIR,4,10,SGN,Air,4
2023,UADSHP,10,10,SGN,Sea,1
2023,UAWEN,20,10,SGN,Sea,6
2023,URBAN,58,10,SGN,Sea,5
2023,OUTDOR,2,10,SGN,Air,2
2023,OUTDOR,143,10,SGN,Sea,31
2023,PVHJA,2,10,SGN,Sea,2
2023,THAS,3,10,SGN,Sea,2
2023,WARAS,3,10,SGN,Sea,2
2023,XCALM,2,10,SGN,Sea,1
2023,AEBV,32,11,SGN,Sea,12
2023,AEOHK,10,11,SGN,Sea,1
2023,AEOJP,6,11,SGN,Sea,1
2023,AEOMEX,7,11,SGN,Sea,1
2023,AEOMIX,21,11,SGN,Sea,3
2023,ANNINC,155,11,SGN,Sea,4
2023,ATS,17,11,SGN,Sea,1
2023,ATC,1,11,SGN,Air,1
2023,ATC,10,11,SGN,Sea,4
2023,BOSE,3,11,SGN,Sea,2
2023,BPSH,4,11,SGN,Sea,1
2023,BPSHCA,3,11,SGN,Sea,2
2023,BPSL,2,11,SGN,Sea,1
2023,CONVRS,30,11,SGN,Sea,6
2023,DEICH,6,11,SGN,Sea,1
2023,MYSHOE,4,11,SGN,Sea,1
2023,DICKS,1,11,SGN,Air,1
2023,DICKS,7,11,SGN,Sea,2
2023,DSAQSP,1,11,SGN,Sea,1
2023,BELL,2,11,SGN,Sea,2
2023,EDDIEB,5,11,SGN,Sea,2
2023,ELDOR,2,11,SGN,Sea,1
2023,GAP,530,11,SGN,Sea,11
2023,HAGGAR,12,11,SGN,Sea,3
2023,HBIRAW,1,11,SGN,Air,1
2023,HBIRAW,4,11,SGN,Sea,3
2023,HUNK,1,11,SGN,Sea,1
2023,ITGM,1,11,SGN,Sea,1
2023,JCREW,10,11,SGN,Air,3
2023,JCREW,11,11,SGN,Sea,2
2023,LIIWWR,1,11,SGN,Sea,1
2023,TKMAXX,48,11,SGN,Sea,6
2023,NBAL,34,11,SGN,Air,4
2023,NBAL,247,11,SGN,Sea,12
2023,NBC,4,11,SGN,Sea,1
2023,NBSG,25,11,SGN,Sea,2
2023,SWOOSH,9,11,SGN,Air,9
2023,SWOOSH,1796,11,SGN,Sea,174
2023,EUROM,1,11,SGN,Sea,1
2023,PACSUN,2,11,SGN,Air,2
2023,PACSUN,8,11,SGN,Sea,4
2023,RH,102,11,SGN,Sea,18
2023,RSGC,12,11,SGN,Sea,4
2023,CKJEEU,2,11,SGN,Sea,1
2023,CKMSEU,9,11,SGN,Sea,3
2023,CKSWEU,2,11,SGN,Sea,2
2023,CKWOEU,1,11,SGN,Sea,1
2023,TOMFTW,13,11,SGN,Sea,4
2023,TOMJEU,3,11,SGN,Sea,1
2023,TOMRTL,1,11,SGN,Sea,1
2023,TOMSEU,2,11,SGN,Sea,1
2023,ARMOUR,91,11,SGN,Sea,19
2023,UAAIR,4,11,SGN,Air,4
2023,UADSHP,7,11,SGN,Sea,1
2023,UAWEN,41,11,SGN,Sea,7
2023,URBAN,54,11,SGN,Sea,5
2023,IMAGE,1,11,SGN,Sea,1
2023,OUTDOR,1,11,SGN,Air,1
2023,OUTDOR,144,11,SGN,Sea,34
2023,PVHJA,1,11,SGN,Sea,1
2023,THAS,2,11,SGN,Sea,1
2023,WARAS,7,11,SGN,Sea,2
2023,XATPE,4,11,SGN,Sea,4
2023,XCALM,1,11,SGN,Sea,1
2023,XHBIL,1,11,SGN,Sea,1
2023,XWASO,1,11,SGN,Sea,1
2023,AEBPRO,3,12,SGN,Sea,2
2023,AEBV,1,12,SGN,Air,1
2023,AEBV,56,12,SGN,Sea,11
2023,AEOMIX,10,12,SGN,Sea,2
2023,ATS,28,12,SGN,Sea,2
2023,ATC,11,12,SGN,Sea,6
2023,BOSE,3,12,SGN,Sea,1
2023,BPSH,2,12,SGN,Sea,1
2023,BPSHCA,2,12,SGN,Sea,2
2023,BPSL,2,12,SGN,Sea,1
2023,CONVRS,2,12,SGN,Air,2
2023,DEICH,3,12,SGN,Sea,2
2023,MYSHOE,7,12,SGN,Sea,1
2023,VANHA,2,12,SGN,Sea,1
2023,DICKS,5,12,SGN,Sea,3
2023,BELL,2,12,SGN,Sea,2
2023,EDDIEB,3,12,SGN,Sea,1
2023,ELDOR,5,12,SGN,Sea,1
2023,ELLUS,1,12,SGN,Sea,1
2023,GAP,577,12,SGN,Sea,10
2023,HBIRAW,2,12,SGN,Air,1
2023,HBIRAW,1,12,SGN,Sea,1
2023,JCREW,8,12,SGN,Air,3
2023,MKI,1,12,SGN,Sea,1
2023,TKMAXX,41,12,SGN,Sea,6
2023,NBAL,4,12,SGN,Air,2
2023,NBAL,298,12,SGN,Sea,9
2023,NBC,8,12,SGN,Sea,1
2023,NBSG,8,12,SGN,Sea,1
2023,EMCI,1,12,SGN,Sea,1
2023,NHAC,1,12,SGN,Sea,1
2023,SWOOSH,19,12,SGN,Air,19
2023,SWOOSH,3991,12,SGN,Sea,243
2023,EUROM,5,12,SGN,Sea,1
2023,RH,106,12,SGN,Sea,15
2023,RSGC,6,12,SGN,Sea,2
2023,SPENCR,5,12,SGN,Sea,2
2023,CKJEEU,2,12,SGN,Sea,2
2023,CKRTEU,1,12,SGN,Sea,1
2023,CKSWEU,2,12,SGN,Sea,1
2023,TOMFTW,18,12,SGN,Sea,3
2023,TOMRTL,5,12,SGN,Sea,1
2023,ARMOUR,141,12,SGN,Sea,21
2023,UAAIR,18,12,SGN,Air,18
2023,UADSHP,2,12,SGN,Sea,2
2023,UAWEN,20,12,SGN,Sea,4
2023,URBAN,100,12,SGN,Sea,8
2023,OUTDOR,84,12,SGN,Sea,25
2023,DORM,1,12,SGN,Sea,1
2023,PVHJA,6,12,SGN,Sea,3
2023,THAS,6,12,SGN,Sea,3
2023,WARAS,9,12,SGN,Sea,5
2023,XCALM,1,12,SGN,Sea,1
2023,XKEENI,1,12,SGN,Sea,1
2023,AAFZE,11,13,SGN,Sea,1
2023,AEBV,63,13,SGN,Sea,12
2023,AEO,3,13,SGN,Air,1
2023,AEOMIX,11,13,SGN,Sea,2
2023,ANNINC,11,13,SGN,Sea,1
2023,ATS,2,13,SGN,Sea,1
2023,ATC,5,13,SGN,Air,3
2023,ATC,40,13,SGN,Sea,11
2023,BOSE,1,13,SGN,Sea,1
2023,BHBEJ,1,13,SGN,Sea,1
2023,BPSH,3,13,SGN,Sea,1
2023,BPSHCA,11,13,SGN,Sea,3
2023,COLE,2,13,SGN,Air,1
2023,COLE,7,13,SGN,Sea,1
2023,CONVRS,17,13,SGN,Sea,5
2023,DICKS,16,13,SGN,Sea,4
2023,EDDIEB,6,13,SGN,Sea,3
2023,GAP,338,13,SGN,Sea,9
2023,HAGGAR,3,13,SGN,Sea,2
2023,HBIRAW,1,13,SGN,Air,1
2023,HBIRAW,1,13,SGN,Sea,1
2023,HORBUB,1,13,SGN,Sea,1
2023,JCREW,16,13,SGN,Air,2
2023,JCREW,19,13,SGN,Sea,1
2023,LIIRE,1,13,SGN,Air,1
2023,TKMAXX,35,13,SGN,Sea,4
2023,NBAL,11,13,SGN,Air,3
2023,NBAL,253,13,SGN,Sea,9
2023,NBC,21,13,SGN,Sea,3
2023,NBMY,11,13,SGN,Sea,1
2023,EWCEU,1,13,SGN,Sea,1
2023,EMCI,1,13,SGN,Sea,1
2023,NHAC,1,13,SGN,Sea,1
2023,SWOOSH,30,13,SGN,Air,28
2023,SWOOSH,3394,13,SGN,Sea,257
2023,EUROM,5,13,SGN,Sea,2
2023,OBIPOL,1,13,SGN,Sea,1
2023,PACSUN,1,13,SGN,Air,1
2023,PACSUN,3,13,SGN,Sea,2
2023,RH,171,13,SGN,Sea,24
2023,RSGC,12,13,SGN,Sea,5
2023,SPENCR,2,13,SGN,Sea,1
2023,CKACEU,3,13,SGN,Sea,1
2023,CKJEEU,3,13,SGN,Sea,3
2023,CKMSEU,1,13,SGN,Sea,1
2023,CKWOEU,1,13,SGN,Sea,1
2023,TOMFTW,7,13,SGN,Sea,3
2023,TOMHAN,3,13,SGN,Sea,1
2023,TOMJEU,1,13,SGN,Sea,1
2023,TOMRTL,1,13,SGN,Sea,1
2023,TOMSEU,1,13,SGN,Sea,1
2023,ARMOUR,127,13,SGN,Sea,19
2023,UAAIR,10,13,SGN,Air,10
2023,UADSHP,2,13,SGN,Sea,1
2023,UAWEN,29,13,SGN,Sea,4
2023,URBAN,98,13,SGN,Sea,7
2023,IMAGE,2,13,SGN,Sea,1
2023,OUTDOR,1,13,SGN,Air,1
2023,OUTDOR,60,13,SGN,Sea,22
2023,PVHJA,3,13,SGN,Sea,3
2023,THAS,5,13,SGN,Sea,3
2023,WARAS,20,13,SGN,Sea,6
2023,XWASO,5,13,SGN,Sea,3
2023,AAFZE,2,14,SGN,Sea,2
2023,AEBPRO,1,14,SGN,Sea,1
2023,AEBV,55,14,SGN,Sea,11
2023,AEOMEX,2,14,SGN,Sea,1
2023,AEOMIX,5,14,SGN,Sea,1
2023,ANNINC,33,14,SGN,Sea,2
2023,ATC,7,14,SGN,Sea,3
2023,BOSE,1,14,SGN,Sea,1
2023,BHBEJ,7,14,SGN,Sea,1
2023,BPSH,1,14,SGN,Sea,1
2023,BPSHCA,2,14,SGN,Sea,1
2023,BPSL,1,14,SGN,Sea,1
2023,COLE,6,14,SGN,Sea,1
2023,CONVRS,1,14,SGN,Air,1
2023,CONVRS,21,14,SGN,Sea,6
2023,DEICH,7,14,SGN,Sea,1
2023,ENSHOE,7,14,SGN,Sea,1
2023,MYSHOE,10,14,SGN,Sea,1
2023,SPST,2,14,SGN,Sea,1
2023,DICKS,9,14,SGN,Sea,2
2023,EDDIEB,7,14,SGN,Sea,3
2023,GAP,419,14,SGN,Sea,8
2023,HAGGAR,6,14,SGN,Sea,2
2023,ITGM,1,14,SGN,Sea,1
2023,JCREW,2,14,SGN,Air,1
2023,LIICO,1,14,SGN,Sea,1
2023,LIIRE,3,14,SGN,Sea,2
2023,TKMAXX,26,14,SGN,Sea,4
2023,NBAL,37,14,SGN,Air,7
2023,NBAL,250,14,SGN,Sea,11
2023,NBC,38,14,SGN,Sea,2
2023,NBSG,1,14,SGN,Sea,1
2023,CPEUR,1,14,SGN,Sea,1
2023,SWOOSH,32,14,SGN,Air,32
2023,SWOOSH,4238,14,SGN,Sea,325
2023,EMLUX,11,14,SGN,Sea,1
2023,EUROM,3,14,SGN,Sea,1
2023,OBIPOL,10,14,SGN,Sea,2
2023,OFWO,4,14,SGN,Sea,4
2023,PACSUN,4,14,SGN,Air,4
2023,PACSUN,1,14,SGN,Sea,1
2023,RH,139,14,SGN,Sea,27
2023,RSGC,3,14,SGN,Sea,3
2023,SPENCR,9,14,SGN,Sea,5
2023,CKACEU,1,14,SGN,Sea,1
2023,CKJEEU,4,14,SGN,Sea,2
2023,CKRTEU,2,14,SGN,Sea,1
2023,CKSWEU,1,14,SGN,Sea,1
2023,TOMCEU,1,14,SGN,Sea,1
2023,TOMFTW,12,14,SGN,Sea,3
2023,TOMJEU,1,14,SGN,Sea,1
2023,TOMRTL,5,14,SGN,Sea,2
2023,ARMOUR,161,14,SGN,Sea,19
2023,UAAIR,5,14,SGN,Air,5
2023,UADSHP,2,14,SGN,Sea,2
2023,UAWEN,8,14,SGN,Sea,1
2023,URBAN,42,14,SGN,Sea,4
2023,IMAGE,2,14,SGN,Sea,1
2023,OUTDOR,7,14,SGN,Air,4
2023,OUTDOR,283,14,SGN,Sea,38
2023,THAS,1,14,SGN,Sea,1
2023,WARAS,3,14,SGN,Sea,3
2023,XREDC,1,14,SGN,Sea,1
2023,AAFZE,4,15,SGN,Sea,1
2023,AEBV,49,15,SGN,Sea,11
2023,AEO,2,15,SGN,Air,1
2023,AEOMEX,8,15,SGN,Sea,2
2023,AEOMIX,13,15,SGN,Sea,1
2023,GORE,10,15,SGN,Sea,1
2023,ANNINC,136,15,SGN,Sea,3
2023,ATC,3,15,SGN,Air,2
2023,ATC,28,15,SGN,Sea,5
2023,BOSE,3,15,SGN,Sea,1
2023,BPSH,1,15,SGN,Sea,1
2023,BPSHCA,5,15,SGN,Sea,2
2023,BPSL,2,15,SGN,Sea,1
2023,COLE,3,15,SGN,Sea,1
2023,CONVRS,34,15,SGN,Sea,7
2023,DEICH,9,15,SGN,Sea,1
2023,MYSHOE,3,15,SGN,Sea,1
2023,SPST,2,15,SGN,Sea,2
2023,DICKS,13,15,SGN,Sea,3
2023,EDDIEB,3,15,SGN,Sea,1
2023,ELDOR,2,15,SGN,Sea,1
2023,GAP,6,15,SGN,Air,6
2023,GAP,339,15,SGN,Sea,7
2023,HAGGAR,5,15,SGN,Sea,3
2023,HBIRAW,3,15,SGN,Sea,2
2023,JCREW,11,15,SGN,Air,3
2023,JCREW,8,15,SGN,Sea,1
2023,TKMAXX,104,15,SGN,Sea,4
2023,NBAL,12,15,SGN,Air,6
2023,NBAL,249,15,SGN,Sea,14
2023,NBC,49,15,SGN,Sea,2
2023,NBMY,2,15,SGN,Sea,1
2023,NBSG,3,15,SGN,Sea,1
2023,NGBR,1,15,SGN,Sea,1
2023,SWOOSH,62,15,SGN,Air,62
2023,SWOOSH,4718,15,SGN,Sea,365
2023,EUROM,2,15,SGN,Sea,1
2023,OBIPOL,1,15,SGN,Sea,1
2023,PACSUN,1,15,SGN,Air,1
2023,PACSUN,9,15,SGN,Sea,5
2023,RH,120,15,SGN,Sea,26
2023,RSGC,16,15,SGN,Sea,5
2023,CKACEU,1,15,SGN,Sea,1
2023,CKJEEU,2,15,SGN,Sea,1
2023,CKKDEU,2,15,SGN,Sea,2
2023,CKMSEU,2,15,SGN,Sea,2
2023,TOMCEU,2,15,SGN,Sea,1
2023,TOMFTW,3,15,SGN,Sea,2
2023,TOMJEU,5,15,SGN,Sea,1
2023,TOMRTL,4,15,SGN,Sea,2
2023,TOMSEU,2,15,SGN,Sea,1
2023,TOMWEU,3,15,SGN,Sea,1
2023,ARMOUR,216,15,SGN,Sea,16
2023,UAAIR,38,15,SGN,Air,38
2023,UADSHP,5,15,SGN,Sea,1
2023,UAWEN,21,15,SGN,Sea,4
2023,URBAN,36,15,SGN,Sea,5
2023,IMAGE,1,15,SGN,Sea,1
2023,OUTDOR,5,15,SGN,Air,3
2023,OUTDOR,212,15,SGN,Sea,38
2023,THAS,1,15,SGN,Sea,1
2023,WARAS,1,15,SGN,Sea,1
2023,XATPE,2,15,SGN,Sea,1
2023,XCALM,2,15,SGN,Sea,1
2023,XWASO,1,15,SGN,Sea,1
2023,AAFZE,4,16,SGN,Sea,1
2023,AEBV,54,16,SGN,Sea,9
2023,AEOHK,30,16,SGN,Sea,1
2023,AEOJP,26,16,SGN,Sea,1
2023,AEOMEX,49,16,SGN,Sea,2
2023,AEOMIX,186,16,SGN,Sea,6
2023,ANNINC,41,16,SGN,Sea,2
2023,ATC,4,16,SGN,Air,3
2023,ATC,19,16,SGN,Sea,5
2023,BOSE,2,16,SGN,Sea,1
2023,BPSH,2,16,SGN,Sea,2
2023,BPSHCA,8,16,SGN,Sea,3
2023,CONVRS,2,16,SGN,Air,2
2023,CONVRS,5,16,SGN,Sea,3
2023,DEICH,8,16,SGN,Sea,3
2023,ENSHOE,2,16,SGN,Sea,1
2023,MYSHOE,2,16,SGN,Sea,2
2023,DICKS,4,16,SGN,Sea,1
2023,EDDIEB,1,16,SGN,Sea,1
2023,ELDOR,8,16,SGN,Sea,1
2023,GAP,3,16,SGN,Air,3
2023,GAP,329,16,SGN,Sea,7
2023,HAGGAR,10,16,SGN,Sea,1
2023,HBIRAW,5,16,SGN,Sea,1
2023,ITGM,1,16,SGN,Sea,1
2023,JCREW,8,16,SGN,Air,3
2023,JCREW,6,16,SGN,Sea,1
2023,TKMAXX,54,16,SGN,Sea,7
2023,NBAL,5,16,SGN,Air,3
2023,NBAL,277,16,SGN,Sea,11
2023,NBC,6,16,SGN,Sea,1
2023,NBSG,15,16,SGN,Sea,2
2023,SWOOSH,10,16,SGN,Air,10
2023,SWOOSH,5490,16,SGN,Sea,367
2023,PACSUN,2,16,SGN,Air,2
2023,PACSUN,2,16,SGN,Sea,1
2023,RH,157,16,SGN,Sea,33
2023,RSGC,5,16,SGN,Sea,2
2023,SPENCR,6,16,SGN,Sea,2
2023,CKJEEU,10,16,SGN,Sea,2
2023,CKMSEU,7,16,SGN,Sea,6
2023,CKSWEU,4,16,SGN,Sea,2
2023,CKWOEU,1,16,SGN,Sea,1
2023,TOMBOD,2,16,SGN,Sea,1
2023,TOMCEU,1,16,SGN,Sea,1
2023,TOMFTW,4,16,SGN,Sea,2
2023,TOMJEU,5,16,SGN,Sea,2
2023,TOMRTL,5,16,SGN,Sea,2
2023,ARMOUR,114,16,SGN,Sea,18
2023,UAAIR,27,16,SGN,Air,27
2023,UADSHP,3,16,SGN,Sea,2
2023,UAWEN,24,16,SGN,Sea,3
2023,URBAN,41,16,SGN,Sea,4
2023,IMAGE,2,16,SGN,Sea,2
2023,OUTDOR,4,16,SGN,Air,3
2023,OUTDOR,166,16,SGN,Sea,31
2023,PVHJA,3,16,SGN,Sea,2
2023,THAS,4,16,SGN,Sea,3
2023,WARAS,1,16,SGN,Sea,1
2023,XCALM,1,16,SGN,Sea,1
2023,XHBIL,1,16,SGN,Sea,1
2023,XKEENI,1,16,SGN,Sea,1
2023,XREDC,1,16,SGN,Sea,1
2023,XWASO,4,16,SGN,Sea,1
2023,AAFZE,1,17,SGN,Sea,1
2023,AEBV,88,17,SGN,Sea,15
2023,AEO,2,17,SGN,Air,1
2023,AEOHK,26,17,SGN,Sea,1
2023,AEOMEX,17,17,SGN,Sea,1
2023,AEOMIX,151,17,SGN,Sea,6
2023,ANNINC,58,17,SGN,Sea,2
2023,ATS,6,17,SGN,Sea,1
2023,ATC,1,17,SGN,Air,1
2023,ATC,22,17,SGN,Sea,7
2023,BOSE,1,17,SGN,Sea,1
2023,BHBEJ,3,17,SGN,Sea,1
2023,BPSH,7,17,SGN,Sea,3
2023,BPSHCA,9,17,SGN,Sea,4
2023,BPSL,1,17,SGN,Sea,1
2023,COLE,16,17,SGN,Sea,2
2023,CONVRS,7,17,SGN,Sea,2
2023,DEICH,3,17,SGN,Sea,1
2023,MYSHOE,6,17,SGN,Sea,1
2023,VANHA,2,17,SGN,Sea,1
2023,DICKS,2,17,SGN,Sea,1
2023,EDDIEB,2,17,SGN,Sea,2
2023,ELDOR,7,17,SGN,Sea,1
2023,FOOTTE,13,17,SGN,Sea,2
2023,GAP,2,17,SGN,Air,2
2023,GAP,404,17,SGN,Sea,9
2023,HAGGAR,6,17,SGN,Sea,1
2023,HBIRAW,1,17,SGN,Air,1
2023,HBIRAW,2,17,SGN,Sea,2
2023,HOSLEY,1,17,SGN,Sea,1
2023,JCREW,5,17,SGN,Air,3
2023,JCREW,4,17,SGN,Sea,2
2023,LIIRE,1,17,SGN,Air,1
2023,TKMAXX,140,17,SGN,Sea,6
2023,NBAL,3,17,SGN,Air,3
2023,NBAL,180,17,SGN,Sea,8
2023,NBC,67,17,SGN,Sea,3
2023,NBMY,43,17,SGN,Sea,1
2023,EMCI,1,17,SGN,Sea,1
2023,SWOOSH,16,17,SGN,Air,13
2023,SWOOSH,5030,17,SGN,Sea,387
2023,EMLUX,1,17,SGN,Sea,1
2023,EUROM,6,17,SGN,Sea,3
2023,PACSUN,1,17,SGN,Air,1
2023,RH,137,17,SGN,Sea,35
2023,RSGC,5,17,SGN,Sea,3
2023,SPENCR,1,17,SGN,Sea,1
2023,CKACEU,3,17,SGN,Sea,3
2023,CKJEEU,10,17,SGN,Sea,1
2023,CKKDEU,5,17,SGN,Sea,2
2023,CKMSEU,7,17,SGN,Sea,3
2023,CKWOEU,3,17,SGN,Sea,1
2023,TOMFTW,6,17,SGN,Sea,2
2023,TOMHAN,8,17,SGN,Sea,3
2023,TOMJEU,7,17,SGN,Sea,3
2023,TOMRTL,8,17,SGN,Sea,3
2023,TOMSEU,2,17,SGN,Sea,1
2023,TOMWEU,1,17,SGN,Sea,1
2023,TRUINT,4,17,SGN,Sea,1
2023,ARMOUR,183,17,SGN,Sea,27
2023,UAAIR,20,17,SGN,Air,20
2023,UADSHP,20,17,SGN,Sea,2
2023,UAWEN,38,17,SGN,Sea,11
2023,URBAN,19,17,SGN,Sea,2
2023,OUTDOR,3,17,SGN,Air,3
2023,OUTDOR,263,17,SGN,Sea,36
2023,DORM,1,17,SGN,Sea,1
2023,PVHJA,2,17,SGN,Sea,1
2023,WARAS,6,17,SGN,Sea,2
2023,X47BL,2,17,SGN,Sea,1
2023,XWASO,2,17,SGN,Sea,2
2023,AAFZE,2,18,SGN,Sea,1
2023,AEBV,2,18,SGN,Air,2
2023,AEBV,20,18,SGN,Sea,4
2023,AEO,3,18,SGN,Air,2
2023,AEOMIX,33,18,SGN,Sea,5
2023,ATC,34,18,SGN,Sea,8
2023,BOSE,2,18,SGN,Sea,1
2023,COLE,2,18,SGN,Sea,1
2023,CONVRS,18,18,SGN,Sea,4
2023,ENSPOR,3,18,SGN,Sea,1
2023,SPST,2,18,SGN,Sea,1
2023,XSCIN,1,18,SGN,Sea,1
2023,DICKS,7,18,SGN,Sea,3
2023,EDDIEB,2,18,SGN,Sea,2
2023,ELLUS,2,18,SGN,Sea,1
2023,GAP,85,18,SGN,Sea,5
2023,HAGGAR,9,18,SGN,Sea,1
2023,HBIRAW,1,18,SGN,Sea,1
2023,HOSLEY,1,18,SGN,Sea,1
2023,JCREW,5,18,SGN,Air,2
2023,JCREW,21,18,SGN,Sea,1
2023,TKMAXX,22,18,SGN,Sea,3
2023,NBAL,3,18,SGN,Air,3
2023,NBAL,133,18,SGN,Sea,5
2023,NBC,58,18,SGN,Sea,4
2023,NBMY,15,18,SGN,Sea,1
2023,SWOOSH,4,18,SGN,Air,4
2023,SWOOSH,3158,18,SGN,Sea,291
2023,PACSUN,1,18,SGN,Air,1
2023,RACK,5,18,SGN,Sea,1
2023,RH,40,18,SGN,Sea,9
2023,RSGC,3,18,SGN,Sea,2
2023,CKRTEU,7,18,SGN,Sea,1
2023,TOMFTW,2,18,SGN,Sea,1
2023,ARMOUR,141,18,SGN,Sea,15
2023,UAAIR,11,18,SGN,Air,11
2023,UADSHP,20,18,SGN,Sea,2
2023,UAWEN,46,18,SGN,Sea,4
2023,URBAN,9,18,SGN,Sea,2
2023,OUTDOR,2,18,SGN,Air,1
2023,OUTDOR,111,18,SGN,Sea,20
2023,THAS,1,18,SGN,Sea,1
2023,X47BL,1,18,SGN,Sea,1
2023,XATPE,6,18,SGN,Sea,5
2023,AAFZE,11,19,SGN,Sea,2
2023,AEBV,2,19,SGN,Air,1
2023,AEBV,30,19,SGN,Sea,9
2023,AEOMIX,80,19,SGN,Sea,5
2023,GORE,48,19,SGN,Sea,1
2023,ANNINC,93,19,SGN,Sea,2
2023,ATS,25,19,SGN,Sea,2
2023,ATC,1,19,SGN,Air,1
2023,ATC,22,19,SGN,Sea,3
2023,BPSH,4,19,SGN,Sea,2
2023,BPSHCA,6,19,SGN,Sea,4
2023,COLE,18,19,SGN,Sea,4
2023,CONVRS,18,19,SGN,Sea,4
2023,DICKS,3,19,SGN,Air,3
2023,DICKS,4,19,SGN,Sea,3
2023,DSAQSP,2,19,SGN,Sea,1
2023,EDDIEB,4,19,SGN,Sea,1
2023,ELDOR,5,19,SGN,Sea,1
2023,GAP,5,19,SGN,Air,5
2023,GAP,292,19,SGN,Sea,8
2023,HAGGAR,2,19,SGN,Sea,1
2023,HBIRAW,5,19,SGN,Sea,1
2023,HUNK,1,19,SGN,Sea,1
2023,JCREW,10,19,SGN,Air,5
2023,JCREW,18,19,SGN,Sea,4
2023,TKMAXX,48,19,SGN,Sea,5
2023,NBAL,1,19,SGN,Air,1
2023,NBAL,245,19,SGN,Sea,9
2023,NBC,56,19,SGN,Sea,2
2023,NBMY,55,19,SGN,Sea,1
2023,NBSG,1,19,SGN,Sea,1
2023,NHAC,1,19,SGN,Sea,1
2023,SWOOSH,20,19,SGN,Air,20
2023,SWOOSH,2501,19,SGN,Sea,266
2023,OFWO,4,19,SGN,Sea,4
2023,PACSUN,2,19,SGN,Air,2
2023,PACSUN,23,19,SGN,Sea,6
2023,RH,136,19,SGN,Sea,28
2023,RSGC,5,19,SGN,Sea,2
2023,CKACEU,3,19,SGN,Sea,3
2023,CKJEEU,8,19,SGN,Sea,1
2023,CKKDEU,2,19,SGN,Sea,1
2023,CKPFEU,14,19,SGN,Sea,4
2023,CKWOEU,1,19,SGN,Sea,1
2023,TOMFTW,16,19,SGN,Sea,1
2023,TOMHAN,8,19,SGN,Sea,3
2023,TOMJEU,4,19,SGN,Sea,2
2023,TOMRTL,3,19,SGN,Sea,1
2023,TOTES,1,19,SGN,Sea,1
2023,ARMOUR,337,19,SGN,Sea,16
2023,UAAIR,22,19,SGN,Air,22
2023,UADSHP,16,19,SGN,Sea,1
2023,UAWEN,21,19,SGN,Sea,3
2023,URBAN,82,19,SGN,Sea,5
2023,OUTDOR,9,19,SGN,Air,5
2023,OUTDOR,217,19,SGN,Sea,38
2023,PVHJA,9,19,SGN,Sea,5
2023,THAS,20,19,SGN,Sea,3
2023,WARAS,49,19,SGN,Sea,3
2023,X47BL,2,19,SGN,Sea,1
2023,XATPE,1,19,SGN,Sea,1
2023,XCALM,1,19,SGN,Sea,1
2023,XREDC,1,19,SGN,Sea,1
2023,XWASO,1,19,SGN,Air,1
2023,XWASO,1,19,SGN,Sea,1
2023,AAFZE,1,20,SGN,Sea,1
2023,AEBV,25,20,SGN,Sea,10
2023,AEO,1,20,SGN,Air,1
2023,AEOMEX,21,20,SGN,Sea,1
2023,AEOMIX,50,20,SGN,Sea,4
2023,ANNINC,151,20,SGN,Sea,5
2023,ATS,25,20,SGN,Sea,1
2023,ATC,1,20,SGN,Air,1
2023,ATC,12,20,SGN,Sea,4
2023,BOSE,4,20,SGN,Sea,2
2023,BPSH,4,20,SGN,Sea,2
2023,BPSHCA,7,20,SGN,Sea,4
2023,COLE,7,20,SGN,Sea,2
2023,CONVRS,7,20,SGN,Sea,2
2023,DEICH,13,20,SGN,Sea,4
2023,DEICUK,2,20,SGN,Sea,1
2023,ENGRS,3,20,SGN,Sea,1
2023,MYSHOE,18,20,SGN,Sea,1
2023,VANHA,2,20,SGN,Sea,1
2023,DICKS,20,20,SGN,Sea,6
2023,DSAQSP,1,20,SGN,Sea,1
2023,EDDIEB,18,20,SGN,Sea,5
2023,ELDOR,5,20,SGN,Sea,1
2023,ESPRIT,7,20,SGN,Sea,1
2023,GAP,4,20,SGN,Air,4
2023,GAP,714,20,SGN,Sea,14
2023,HBIRAW,1,20,SGN,Air,1
2023,HBIRAW,8,20,SGN,Sea,4
2023,HUNK,2,20,SGN,Sea,1
2023,ITGMP,6,20,SGN,Sea,1
2023,JCREW,3,20,SGN,Air,2
2023,JCREW,19,20,SGN,Sea,2
2023,MKI,1,20,SGN,Sea,1
2023,LIIRE,1,20,SGN,Sea,1
2023,TKMAXX,85,20,SGN,Sea,6
2023,NBAL,4,20,SGN,Air,1
2023,NBAL,237,20,SGN,Sea,9
2023,NBC,34,20,SGN,Sea,4
2023,NBMY,17,20,SGN,Sea,1
2023,NBSG,12,20,SGN,Sea,1
2023,SWOOSH,9,20,SGN,Air,9
2023,SWOOSH,3054,20,SGN,Sea,284
2023,EMLUX,25,20,SGN,Sea,3
2023,PACSUN,7,20,SGN,Air,7
2023,PACSUN,14,20,SGN,Sea,2
2023,RH,141,20,SGN,Sea,30
2023,RSGC,12,20,SGN,Sea,5
2023,CKFWEU,3,20,SGN,Sea,1
2023,CKJEEU,10,20,SGN,Sea,2
2023,CKMSEU,1,20,SGN,Sea,1
2023,CKPFEU,7,20,SGN,Sea,1
2023,CKWOEU,1,20,SGN,Sea,1
2023,TOMBOD,23,20,SGN,Sea,2
2023,TOMFTW,10,20,SGN,Sea,3
2023,TOMJEU,17,20,SGN,Sea,4
2023,TOMRTL,8,20,SGN,Sea,2
2023,TOTES,1,20,SGN,Sea,1
2023,ARMOUR,157,20,SGN,Sea,13
2023,UAAIR,16,20,SGN,Air,16
2023,UADSHP,6,20,SGN,Sea,1
2023,UAWEN,151,20,SGN,Sea,9
2023,URBAN,50,20,SGN,Sea,4
2023,IMAGE,1,20,SGN,Sea,1
2023,OUTDOR,3,20,SGN,Air,2
2023,OUTDOR,179,20,SGN,Sea,29
2023,PVHJA,3,20,SGN,Sea,2
2023,THAS,14,20,SGN,Sea,2
2023,WARAS,54,20,SGN,Sea,3
2023,X47BL,3,20,SGN,Sea,1
2023,XBSKY,3,20,SGN,Sea,1
2023,XCALM,1,20,SGN,Sea,1
2023,XREDC,3,20,SGN,Sea,1
2023,XWASO,1,20,SGN,Sea,1
2023,AAFES,22,21,SGN,Sea,2
2023,AAFZE,4,21,SGN,Sea,2
2023,AEBV,42,21,SGN,Sea,13
2023,AEOMEX,21,21,SGN,Sea,1
2023,AEOMIX,34,21,SGN,Sea,4
2023,ANNINC,12,21,SGN,Sea,1
2023,ATS,19,21,SGN,Sea,1
2023,ATC,23,21,SGN,Sea,7
2023,BOSE,2,21,SGN,Sea,1
2023,BHBEJ,3,21,SGN,Sea,2
2023,BPSH,7,21,SGN,Sea,3
2023,BPSHCA,8,21,SGN,Sea,5
2023,BPSL,2,21,SGN,Sea,1
2023,COLE,16,21,SGN,Sea,2
2023,CONVRS,1,21,SGN,Air,1
2023,CONVRS,3,21,SGN,Sea,1
2023,DEICH,3,21,SGN,Sea,1
2023,ENGRS,3,21,SGN,Sea,1
2023,ENSHOE,1,21,SGN,Sea,1
2023,MYSHOE,2,21,SGN,Sea,1
2023,VANHA,6,21,SGN,Sea,1
2023,DICKS,16,21,SGN,Sea,6
2023,EDDIEB,14,21,SGN,Sea,2
2023,ELDOR,2,21,SGN,Sea,1
2023,EMCOLS,8,21,SGN,Sea,1
2023,GAP,1,21,SGN,Air,1
2023,GAP,647,21,SGN,Sea,10
2023,HAGGAR,19,21,SGN,Sea,3
2023,HBIRAW,5,21,SGN,Sea,3
2023,ITGM,1,21,SGN,Sea,1
2023,JCREW,6,21,SGN,Air,3
2023,JCREW,12,21,SGN,Sea,2
2023,LIIRE,1,21,SGN,Sea,1
2023,TKMAXX,95,21,SGN,Sea,9
2023,NBAL,5,21,SGN,Air,4
2023,NBAL,284,21,SGN,Sea,12
2023,NBC,14,21,SGN,Sea,3
2023,NBMY,7,21,SGN,Sea,1
2023,NBSG,104,21,SGN,Sea,1
2023,SWOOSH,15,21,SGN,Air,15
2023,SWOOSH,2855,21,SGN,Sea,246
2023,EMLUX,11,21,SGN,Sea,2
2023,PACSUN,2,21,SGN,Air,2
2023,RH,113,21,SGN,Sea,27
2023,RSGC,4,21,SGN,Sea,2
2023,CKJEEU,4,21,SGN,Sea,1
2023,CKWOEU,1,21,SGN,Sea,1
2023,TOMFTW,8,21,SGN,Sea,2
2023,TOMHAN,3,21,SGN,Sea,2
2023,TOMJEU,1,21,SGN,Sea,1
2023,TOMRTL,4,21,SGN,Sea,2
2023,TOMSEU,12,21,SGN,Sea,4
2023,TOMWEU,8,21,SGN,Sea,2
2023,TRUINT,2,21,SGN,Sea,1
2023,ARMOUR,136,21,SGN,Sea,19
2023,UAAIR,30,21,SGN,Air,30
2023,UADSHP,5,21,SGN,Sea,1
2023,UAWEN,57,21,SGN,Sea,11
2023,URBAN,123,21,SGN,Sea,4
2023,OUTDOR,3,21,SGN,Air,1
2023,OUTDOR,189,21,SGN,Sea,32
2023,PVHJA,2,21,SGN,Sea,1
2023,THAS,2,21,SGN,Sea,2
2023,WARAS,17,21,SGN,Sea,6
2023,XCALM,2,21,SGN,Sea,1
2023,XWASO,1,21,SGN,Air,1
2023,XWASO,2,21,SGN,Sea,2
2023,AAFES,14,22,SGN,Sea,5
2023,AAFZE,9,22,SGN,Sea,1
2023,AEBV,92,22,SGN,Sea,12
2023,AEO,1,22,SGN,Air,1
2023,AEOMIX,8,22,SGN,Sea,3
2023,ANNINC,97,22,SGN,Sea,4
2023,ATS,8,22,SGN,Sea,1
2023,ATC,2,22,SGN,Air,1
2023,ATC,30,22,SGN,Sea,9
2023,BOSE,2,22,SGN,Sea,1
2023,BPSH,3,22,SGN,Sea,2
2023,BPSHCA,9,22,SGN,Sea,4
2023,CONVRS,13,22,SGN,Sea,4
2023,DEICH,14,22,SGN,Sea,5
2023,ENGRS,2,22,SGN,Sea,1
2023,VANHA,3,22,SGN,Sea,2
2023,SPST,2,22,SGN,Sea,1
2023,DICKS,5,22,SGN,Air,5
2023,DICKS,6,22,SGN,Sea,2
2023,DSAQSP,1,22,SGN,Sea,1
2023,EDDIEB,18,22,SGN,Sea,3
2023,ELDOR,7,22,SGN,Sea,1
2023,GAP,2,22,SGN,Air,2
2023,GAP,684,22,SGN,Sea,12
2023,HAGGAR,4,22,SGN,Sea,1
2023,HBIRAW,1,22,SGN,Air,1
2023,HBIRAW,3,22,SGN,Sea,1
2023,JCREW,8,22,SGN,Air,3
2023,JCREW,43,22,SGN,Sea,2
2023,LIIRE,1,22,SGN,Sea,1
2023,TKMAXX,55,22,SGN,Sea,6
2023,NBAL,2,22,SGN,Air,1
2023,NBAL,228,22,SGN,Sea,9
2023,NBC,26,22,SGN,Sea,2
2023,NBMY,3,22,SGN,Sea,1
2023,NBSG,68,22,SGN,Sea,2
2023,SWOOSH,25,22,SGN,Air,25
2023,SWOOSH,3102,22,SGN,Sea,230
2023,EMLUX,15,22,SGN,Sea,1
2023,PACSUN,1,22,SGN,Air,1
2023,PACSUN,4,22,SGN,Sea,2
2023,RACK,4,22,SGN,Sea,1
2023,RH,1,22,SGN,Air,1
2023,RH,154,22,SGN,Sea,34
2023,RSGC,2,22,SGN,Sea,2
2023,SPENCR,1,22,SGN,Sea,1
2023,CKACEU,6,22,SGN,Sea,2
2023,CKJEEU,3,22,SGN,Sea,1
2023,CKKDEU,1,22,SGN,Sea,1
2023,CKWOEU,2,22,SGN,Sea,2
2023,TOMFTW,3,22,SGN,Sea,1
2023,TOMHAN,2,22,SGN,Sea,1
2023,TOMRTL,8,22,SGN,Sea,2
2023,ARMOUR,148,22,SGN,Sea,19
2023,UAAIR,14,22,SGN,Air,14
2023,UADSHP,8,22,SGN,Sea,2
2023,UAWEN,133,22,SGN,Sea,4
2023,URBAN,65,22,SGN,Sea,7
2023,OUTDOR,1,22,SGN,Air,1
2023,OUTDOR,145,22,SGN,Sea,25
2023,PVHJA,8,22,SGN,Sea,5
2023,THAS,3,22,SGN,Sea,2
2023,WARAS,11,22,SGN,Sea,3
2023,XREDC,1,22,SGN,Sea,1
2023,XWASO,3,22,SGN,Sea,3
2023,AEBV,45,23,SGN,Sea,7
2023,AEOMIX,44,23,SGN,Sea,4
2023,ANNINC,125,23,SGN,Sea,5
2023,ATS,3,23,SGN,Sea,1
2023,ATC,31,23,SGN,Sea,9
2023,BOSE,3,23,SGN,Sea,1
2023,BPSHCA,2,23,SGN,Sea,2
2023,COLE,11,23,SGN,Sea,5
2023,CONVRS,9,23,SGN,Sea,3
2023,DEICH,5,23,SGN,Sea,3
2023,DICKS,12,23,SGN,Sea,6
2023,EDDIEB,19,23,SGN,Sea,3
2023,EMCOLS,4,23,SGN,Air,1
2023,ESPRIT,5,23,SGN,Air,1
2023,FOOTES,1,23,SGN,Sea,1
2023,GAP,2,23,SGN,Air,2
2023,GAP,392,23,SGN,Sea,10
2023,HAGGAR,7,23,SGN,Sea,1
2023,HBIRAW,5,23,SGN,Sea,3
2023,HUNK,1,23,SGN,Sea,1
2023,JCREW,5,23,SGN,Air,4
2023,JCREW,36,23,SGN,Sea,3
2023,MKI,1,23,SGN,Sea,1
2023,LIIRE,1,23,SGN,Air,1
2023,LIIRE,1,23,SGN,Sea,1
2023,TKMAXX,65,23,SGN,Sea,5
2023,NBAL,5,23,SGN,Air,4
2023,NBAL,235,23,SGN,Sea,10
2023,NBC,51,23,SGN,Sea,6
2023,NBMY,20,23,SGN,Sea,1
2023,NBSG,16,23,SGN,Sea,1
2023,CPEUR,1,23,SGN,Sea,1
2023,NHAC,3,23,SGN,Sea,1
2023,SWOOSH,55,23,SGN,Air,55
2023,SWOOSH,2007,23,SGN,Sea,197
2023,EMLUX,11,23,SGN,Sea,1
2023,PACSUN,1,23,SGN,Air,1
2023,PACSUN,1,23,SGN,Sea,1
2023,RH,129,23,SGN,Sea,30
2023,RSGC,5,23,SGN,Sea,3
2023,CKJEEU,2,23,SGN,Sea,2
2023,CKPFEU,1,23,SGN,Sea,1
2023,CKRTEU,2,23,SGN,Sea,1
2023,CKSWEU,1,23,SGN,Sea,1
2023,CKUNEU,1,23,SGN,Sea,1
2023,TOMFTW,5,23,SGN,Sea,2
2023,TOMHAN,4,23,SGN,Sea,2
2023,TOMJEU,5,23,SGN,Sea,2
2023,TOMRTL,3,23,SGN,Sea,1
2023,TOTES,2,23,SGN,Sea,1
2023,ARMOUR,146,23,SGN,Sea,21
2023,UAAIR,25,23,SGN,Air,25
2023,UADSHP,16,23,SGN,Sea,2
2023,UAWEN,91,23,SGN,Sea,15
2023,URBAN,104,23,SGN,Sea,6
2023,OUTDOR,6,23,SGN,Air,5
2023,OUTDOR,132,23,SGN,Sea,24
2023,PVHJA,1,23,SGN,Sea,1
2023,THAS,1,23,SGN,Sea,1
2023,WARAS,8,23,SGN,Sea,5
2023,XATPE,3,23,SGN,Sea,3
2023,XCALM,1,23,SGN,Sea,1
2023,XWASO,1,23,SGN,Air,1
2023,AAFZE,7,24,SGN,Sea,1
2023,AEBV,22,24,SGN,Sea,7
2023,AEOMIX,15,24,SGN,Sea,3
2023,ANNINC,148,24,SGN,Sea,4
2023,ATC,1,24,SGN,Air,1
2023,ATC,9,24,SGN,Sea,5
2023,BOSE,2,24,SGN,Sea,1
2023,BPSH,3,24,SGN,Sea,2
2023,BPSHCA,4,24,SGN,Sea,2
2023,BPSL,2,24,SGN,Sea,1
2023,COLE,24,24,SGN,Sea,3
2023,CONVRS,13,24,SGN,Sea,4
2023,DEICH,15,24,SGN,Sea,3
2023,ENSHOE,1,24,SGN,Sea,1
2023,XSCIN,1,24,SGN,Sea,1
2023,DICKS,12,24,SGN,Sea,6
2023,EDDIEB,5,24,SGN,Sea,2
2023,ELDOR,2,24,SGN,Sea,2
2023,FOOTES,6,24,SGN,Sea,3
2023,FOOTEU,3,24,SGN,Sea,2
2023,GAP,717,24,SGN,Sea,10
2023,HAGGAR,15,24,SGN,Sea,2
2023,HBIRAW,5,24,SGN,Sea,4
2023,HUNK,2,24,SGN,Sea,1
2023,JCREW,15,24,SGN,Air,7
2023,JCREW,37,24,SGN,Sea,2
2023,KMRTFM,4,24,SGN,Air,4
2023,TKMAXX,136,24,SGN,Sea,6
2023,NBAL,3,24,SGN,Air,2
2023,NBAL,149,24,SGN,Sea,11
2023,NBC,115,24,SGN,Sea,4
2023,NBMY,8,24,SGN,Sea,1
2023,NBSG,26,24,SGN,Sea,1
2023,SWOOSH,41,24,SGN,Air,41
2023,SWOOSH,1701,24,SGN,Sea,174
2023,EMLUX,4,24,SGN,Sea,1
2023,PACSUN,1,24,SGN,Air,1
2023,PACSUN,1,24,SGN,Sea,1
2023,RH,106,24,SGN,Sea,25
2023,RSGC,6,24,SGN,Sea,2
2023,CKJEEU,5,24,SGN,Sea,1
2023,CKMSEU,1,24,SGN,Sea,1
2023,CKWOEU,3,24,SGN,Sea,1
2023,TOMFTW,13,24,SGN,Sea,4
2023,TOMRTL,2,24,SGN,Sea,2
2023,ARMOUR,133,24,SGN,Sea,14
2023,UAAIR,13,24,SGN,Air,13
2023,UADSHP,5,24,SGN,Sea,1
2023,UAWEN,19,24,SGN,Sea,4
2023,URBAN,70,24,SGN,Sea,5
2023,IMAGE,1,24,SGN,Sea,1
2023,OUTDOR,10,24,SGN,Air,7
2023,OUTDOR,116,24,SGN,Sea,22
2023,PVHJA,5,24,SGN,Sea,1
2023,THAS,2,24,SGN,Sea,1
2023,WARAS,1,24,SGN,Sea,1
2023,X47BL,1,24,SGN,Sea,1
2023,XATPE,5,24,SGN,Sea,4
2023,AAFES,24,25,SGN,Sea,2
2023,AEBV,2,25,SGN,Air,1
2023,AEBV,42,25,SGN,Sea,10
2023,AEO,2,25,SGN,Air,1
2023,AEOMIX,17,25,SGN,Sea,3
2023,GORE,8,25,SGN,Sea,1
2023,ANNINC,14,25,SGN,Sea,1
2023,ATS,40,25,SGN,Sea,3
2023,ATC,1,25,SGN,Air,1
2023,ATC,20,25,SGN,Sea,7
2023,BOSE,3,25,SGN,Sea,1
2023,BPSH,3,25,SGN,Sea,1
2023,BPSHCA,3,25,SGN,Sea,1
2023,BPSL,1,25,SGN,Sea,1
2023,COLE,5,25,SGN,Sea,2
2023,CONVRS,2,25,SGN,Air,2
2023,CONVRS,6,25,SGN,Sea,2
2023,ENGRS,6,25,SGN,Sea,1
2023,ENSHOE,2,25,SGN,Sea,1
2023,DSAQSP,1,25,SGN,Sea,1
2023,EDDIEB,1,25,SGN,Air,1
2023,EDDIEB,1,25,SGN,Sea,1
2023,ELDOR,1,25,SGN,Sea,1
2023,FOOTEU,1,25,SGN,Sea,1
2023,FOOTRT,2,25,SGN,Sea,2
2023,GAP,3,25,SGN,Air,3
2023,GAP,1001,25,SGN,Sea,13
2023,HAGGAR,14,25,SGN,Sea,2
2023,HBIRAW,1,25,SGN,Sea,1
2023,JCREW,13,25,SGN,Air,6
2023,JCREW,33,25,SGN,Sea,3
2023,LIIRE,1,25,SGN,Sea,1
2023,TKMAXX,69,25,SGN,Sea,5
2023,NBAL,2,25,SGN,Air,2
2023,NBAL,139,25,SGN,Sea,10
2023,NBC,12,25,SGN,Sea,1
2023,NBMY,37,25,SGN,Sea,3
2023,NBSG,64,25,SGN,Sea,2
2023,SWOOSH,29,25,SGN,Air,28
2023,SWOOSH,1919,25,SGN,Sea,193
2023,EMLUX,12,25,SGN,Sea,2
2023,RH,141,25,SGN,Sea,35
2023,RSGC,6,25,SGN,Sea,2
2023,CKFWEU,2,25,SGN,Sea,1
2023,CKJEEU,2,25,SGN,Sea,1
2023,CKUNEU,4,25,SGN,Sea,2
2023,TOMFTW,8,25,SGN,Sea,2
2023,TOMHAN,2,25,SGN,Sea,1
2023,TOTES,1,25,SGN,Sea,1
2023,ARMOUR,149,25,SGN,Sea,21
2023,UAAIR,10,25,SGN,Air,10
2023,UAWEN,100,25,SGN,Sea,10
2023,URBAN,56,25,SGN,Sea,8
2023,OUTDOR,5,25,SGN,Air,3
2023,OUTDOR,96,25,SGN,Sea,23
2023,PVHJA,9,25,SGN,Sea,5
2023,THAS,6,25,SGN,Sea,3
2023,WARAS,20,25,SGN,Sea,5
2023,X47BL,4,25,SGN,Sea,1
2023,XATPE,1,25,SGN,Sea,1
2023,XBLAIN,3,25,SGN,Sea,1
2023,XCALM,2,25,SGN,Sea,1
2023,XWASO,1,25,SGN,Sea,1
2023,AAFES,12,26,SGN,Sea,2
2023,AAFZE,7,26,SGN,Sea,1
2023,AEBV,1,26,SGN,Air,1
2023,AEBV,40,26,SGN,Sea,8
2023,AEOMEX,17,26,SGN,Sea,1
2023,AEOMIX,49,26,SGN,Sea,3
2023,ANNINC,58,26,SGN,Sea,3
2023,ATS,7,26,SGN,Sea,1
2023,ATC,2,26,SGN,Air,2
2023,ATC,19,26,SGN,Sea,8
2023,BOSE,2,26,SGN,Sea,1
2023,BPSH,4,26,SGN,Sea,1
2023,BPSHCA,6,26,SGN,Sea,3
2023,BPSL,1,26,SGN,Sea,1
2023,CONVRS,2,26,SGN,Sea,2
2023,DICKS,1,26,SGN,Sea,1
2023,EDDIEB,19,26,SGN,Sea,3
2023,ELDOR,7,26,SGN,Sea,1
2023,EMCOLS,2,26,SGN,Air,2
2023,EMCOLS,2,26,SGN,Sea,1
2023,ESPRIT,2,26,SGN,Sea,1
2023,FOOTES,1,26,SGN,Sea,1
2023,FOOTEU,10,26,SGN,Sea,3
2023,FOOTRT,3,26,SGN,Sea,2
2023,GAP,2,26,SGN,Air,2
2023,GAP,696,26,SGN,Sea,13
2023,HAGGAR,9,26,SGN,Sea,1
2023,HBIRAW,6,26,SGN,Sea,2
2023,HUNK,1,26,SGN,Sea,1
2023,JCREW,24,26,SGN,Air,7
2023,JCREW,22,26,SGN,Sea,2
2023,LIIWWR,1,26,SGN,Sea,1
2023,TKMAXX,60,26,SGN,Sea,6
2023,NBAL,3,26,SGN,Air,2
2023,NBAL,256,26,SGN,Sea,14
2023,NBC,11,26,SGN,Sea,2
2023,NBMY,18,26,SGN,Sea,1
2023,NBSG,1,26,SGN,Air,1
2023,EWCEU,1,26,SGN,Sea,1
2023,NHAC,3,26,SGN,Sea,1
2023,SWOOSH,19,26,SGN,Air,19
2023,SWOOSH,3351,26,SGN,Sea,252
2023,EMLUX,3,26,SGN,Sea,2
2023,PACSUN,2,26,SGN,Sea,1
2023,RH,131,26,SGN,Sea,35
2023,RSGC,17,26,SGN,Sea,4
2023,SPENCR,3,26,SGN,Sea,1
2023,CKACEU,6,26,SGN,Sea,4
2023,CKJEEU,2,26,SGN,Sea,1
2023,CKMSEU,4,26,SGN,Sea,2
2023,CKUNEU,1,26,SGN,Sea,1
2023,TOMFTW,9,26,SGN,Sea,3
2023,TOMHAN,4,26,SGN,Sea,1
2023,TOMJEU,9,26,SGN,Sea,2
2023,TOMRTL,6,26,SGN,Sea,2
2023,TOMWEU,2,26,SGN,Sea,1
2023,ARMOUR,107,26,SGN,Sea,20
2023,UAAIR,11,26,SGN,Air,11
2023,UADSHP,2,26,SGN,Sea,1
2023,UAWEN,62,26,SGN,Sea,9
2023,URBAN,39,26,SGN,Sea,6
2023,OUTDOR,1,26,SGN,Air,1
2023,OUTDOR,135,26,SGN,Sea,29
2023,DORM,1,26,SGN,Sea,1
2023,PVHJA,11,26,SGN,Sea,6
2023,THAS,15,26,SGN,Sea,4
2023,WARAS,16,26,SGN,Sea,6
2023,XBLAIN,1,26,SGN,Sea,1
2023,XBSKY,1,26,SGN,Sea,1
2023,XGEHP,1,26,SGN,Sea,1
2023,XREDC,2,26,SGN,Sea,1
2023,XWASO,3,26,SGN,Sea,3
2023,AEBV,33,27,SGN,Sea,12
2023,AEOMIX,18,27,SGN,Sea,3
2023,ANNINC,14,27,SGN,Sea,1
2023,ATC,21,27,SGN,Sea,7
2023,BOSE,4,27,SGN,Sea,1
2023,BPSH,4,27,SGN,Sea,2
2023,BPSHCA,4,27,SGN,Sea,2
2023,BPSL,1,27,SGN,Sea,1
2023,CONVRS,12,27,SGN,Sea,3
2023,DEICH,14,27,SGN,Sea,4
2023,DEICUK,1,27,SGN,Sea,1
2023,ENGRS,1,27,SGN,Sea,1
2023,MYSHOE,5,27,SGN,Sea,1
2023,CLUSH,4,27,SGN,Sea,1
2023,DSAQSP,1,27,SGN,Sea,1
2023,EDDIEB,20,27,SGN,Sea,2
2023,ESPRIT,2,27,SGN,Air,1
2023,FOOTEU,3,27,SGN,Sea,1
2023,FOOTRT,2,27,SGN,Sea,1
2023,GAP,3,27,SGN,Air,3
2023,GAP,352,27,SGN,Sea,10
2023,HAGGAR,10,27,SGN,Sea,1
2023,HBIRAW,12,27,SGN,Sea,5
2023,HUNK,1,27,SGN,Sea,1
2023,JCREW,7,27,SGN,Air,4
2023,JCREW,19,27,SGN,Sea,2
2023,LIIRE,1,27,SGN,Air,1
2023,TKMAXX,13,27,SGN,Sea,4
2023,NBAL,5,27,SGN,Air,5
2023,NBAL,119,27,SGN,Sea,12
2023,NBC,20,27,SGN,Sea,1
2023,NBMY,39,27,SGN,Sea,2
2023,SWOOSH,13,27,SGN,Air,13
2023,SWOOSH,3847,27,SGN,Sea,289
2023,PACSUN,3,27,SGN,Sea,1
2023,RACK,5,27,SGN,Sea,1
2023,RH,133,27,SGN,Sea,32
2023,RSGC,6,27,SGN,Sea,3
2023,CKMSEU,1,27,SGN,Sea,1
2023,CKRTEU,1,27,SGN,Sea,1
2023,TOMHAN,7,27,SGN,Sea,2
2023,TOMJEU,5,27,SGN,Sea,1
2023,TOMRTL,1,27,SGN,Sea,1
2023,TOMSEU,4,27,SGN,Sea,2
2023,ARMOUR,94,27,SGN,Sea,20
2023,UAAIR,10,27,SGN,Air,10
2023,UADSHP,4,27,SGN,Sea,1
2023,UAWEN,56,27,SGN,Sea,4
2023,URBAN,36,27,SGN,Sea,3
2023,IMAGE,1,27,SGN,Sea,1
2023,OUTDOR,2,27,SGN,Air,2
2023,OUTDOR,194,27,SGN,Sea,25
2023,THAS,8,27,SGN,Sea,2
2023,WARAS,4,27,SGN,Sea,2
2023,XATPE,3,27,SGN,Sea,1
2023,XCALM,1,27,SGN,Sea,1
2023,XWASO,1,27,SGN,Sea,1
2023,AAFZE,4,28,SGN,Sea,1
2023,AEBV,39,28,SGN,Sea,9
2023,AEOMEX,2,28,SGN,Sea,1
2023,AEOMIX,13,28,SGN,Sea,2
2023,ANNINC,48,28,SGN,Sea,4
2023,ATC,16,28,SGN,Sea,8
2023,BOSE,2,28,SGN,Sea,1
2023,BHBEJ,5,28,SGN,Sea,1
2023,BPSHCA,3,28,SGN,Sea,2
2023,COLE,6,28,SGN,Sea,2
2023,CONVRS,14,28,SGN,Sea,4
2023,DEICH,2,28,SGN,Sea,1
2023,ENGRS,4,28,SGN,Sea,1
2023,MYSHOE,11,28,SGN,Sea,1
2023,VANHA,2,28,SGN,Sea,1
2023,CLUSH,3,28,SGN,Sea,2
2023,DICKS,19,28,SGN,Sea,9
2023,EDDIEB,5,28,SGN,Sea,2
2023,ELDOR,7,28,SGN,Sea,1
2023,FOOTES,6,28,SGN,Sea,3
2023,FOOTRT,1,28,SGN,Sea,1
2023,GAP,2,28,SGN,Air,2
2023,GAP,913,28,SGN,Sea,10
2023,HAGGAR,6,28,SGN,Sea,3
2023,HBIRAW,2,28,SGN,Sea,2
2023,HUNK,2,28,SGN,Sea,1
2023,JCREW,10,28,SGN,Air,5
2023,JCREW,14,28,SGN,Sea,2
2023,MKI,1,28,SGN,Sea,1
2023,TKMAXX,74,28,SGN,Sea,5
2023,NBAL,1,28,SGN,Air,1
2023,NBAL,436,28,SGN,Sea,18
2023,NBC,31,28,SGN,Sea,2
2023,NBSG,32,28,SGN,Sea,1
2023,SWOOSH,11,28,SGN,Air,11
2023,SWOOSH,3017,28,SGN,Sea,285
2023,EMLUX,10,28,SGN,Sea,1
2023,EUROM,10,28,SGN,Sea,4
2023,OBIITA,8,28,SGN,Sea,1
2023,PACSUN,1,28,SGN,Air,1
2023,PACSUN,19,28,SGN,Sea,5
2023,RACK,4,28,SGN,Sea,1
2023,RH,120,28,SGN,Sea,33
2023,RSGC,9,28,SGN,Sea,5
2023,CKJEEU,1,28,SGN,Sea,1
2023,CKMSEU,4,28,SGN,Sea,1
2023,CKUNEU,1,28,SGN,Sea,1
2023,TOMFTW,3,28,SGN,Sea,1
2023,TOMJEU,6,28,SGN,Sea,2
2023,TOMRTL,2,28,SGN,Sea,1
2023,ARMOUR,244,28,SGN,Sea,14
2023,UAAIR,8,28,SGN,Air,8
2023,UADSHP,1,28,SGN,Sea,1
2023,UAWEN,85,28,SGN,Sea,16
2023,URBAN,31,28,SGN,Sea,5
2023,OUTDOR,4,28,SGN,Air,4
2023,OUTDOR,152,28,SGN,Sea,26
2023,PVHJA,1,28,SGN,Sea,1
2023,THAS,2,28,SGN,Air,1
2023,THAS,7,28,SGN,Sea,3
2023,WARAS,3,28,SGN,Sea,2
2023,XATPE,2,28,SGN,Sea,2
2023,XWASO,2,28,SGN,Air,1
2023,XWASO,3,28,SGN,Sea,2
2023,AAFES,6,29,SGN,Sea,1
2023,AAFZE,1,29,SGN,Sea,1
2023,AEBV,14,29,SGN,Sea,6
2023,AEOHK,4,29,SGN,Sea,1
2023,AEOJP,1,29,SGN,Sea,1
2023,AEOMEX,34,29,SGN,Sea,1
2023,AEOMIX,71,29,SGN,Sea,3
2023,ANNINC,137,29,SGN,Sea,4
2023,ATS,23,29,SGN,Sea,1
2023,ATC,17,29,SGN,Sea,7
2023,BOSE,3,29,SGN,Sea,1
2023,BPSH,4,29,SGN,Sea,3
2023,BPSHCA,6,29,SGN,Sea,4
2023,BPSL,1,29,SGN,Sea,1
2023,COLE,1,29,SGN,Air,1
2023,CONVRS,2,29,SGN,Air,2
2023,CONVRS,36,29,SGN,Sea,13
2023,VANHA,4,29,SGN,Sea,1
2023,SPST,3,29,SGN,Sea,1
2023,DICKS,9,29,SGN,Sea,4
2023,EDDIEB,2,29,SGN,Air,2
2023,EDDIEB,7,29,SGN,Sea,3
2023,ELDOR,1,29,SGN,Sea,1
2023,FOOTRT,1,29,SGN,Sea,1
2023,FOOTTE,7,29,SGN,Sea,1
2023,GAP,2,29,SGN,Air,2
2023,GAP,652,29,SGN,Sea,12
2023,HAGGAR,8,29,SGN,Sea,2
2023,HBIRAW,4,29,SGN,Sea,2
2023,JCREW,11,29,SGN,Air,6
2023,JCREW,12,29,SGN,Sea,2
2023,LIIRE,1,29,SGN,Air,1
2023,LIIRE,1,29,SGN,Sea,1
2023,TKMAXX,88,29,SGN,Sea,5
2023,NBAL,302,29,SGN,Sea,10
2023,NBC,9,29,SGN,Sea,2
2023,SWOOSH,8,29,SGN,Air,8
2023,SWOOSH,3616,29,SGN,Sea,261
2023,EMLUX,11,29,SGN,Sea,1
2023,EUROM,6,29,SGN,Sea,2
2023,PACSUN,16,29,SGN,Sea,5
2023,RACK,3,29,SGN,Sea,1
2023,RH,118,29,SGN,Sea,38
2023,RIPP,4,29,SGN,Sea,1
2023,RSGC,6,29,SGN,Sea,3
2023,CKACEU,2,29,SGN,Sea,1
2023,CKJEEU,1,29,SGN,Sea,1
2023,TOMBOD,7,29,SGN,Sea,1
2023,TOMFTW,9,29,SGN,Sea,4
2023,TOMHAN,3,29,SGN,Sea,3
2023,TOMRTL,3,29,SGN,Sea,2
2023,TOMSEU,5,29,SGN,Sea,3
2023,TRUINT,4,29,SGN,Sea,1
2023,ARMOUR,120,29,SGN,Sea,18
2023,UAAIR,13,29,SGN,Air,13
2023,UADSHP,3,29,SGN,Sea,2
2023,UAWEN,26,29,SGN,Sea,8
2023,URBAN,88,29,SGN,Sea,6
2023,OUTDOR,7,29,SGN,Air,3
2023,OUTDOR,143,29,SGN,Sea,28
2023,DORM,1,29,SGN,Sea,1
2023,PVHJA,1,29,SGN,Sea,1
2023,THAS,3,29,SGN,Sea,1
2023,WARAS,5,29,SGN,Sea,1
2023,XATPE,3,29,SGN,Sea,2
2023,XCALM,2,29,SGN,Sea,2
2023,XKEENI,1,29,SGN,Sea,1
2023,XWASO,2,29,SGN,Air,1
2023,AAFZE,2,30,SGN,Sea,1
2023,AEBV,15,30,SGN,Sea,4
2023,AEO,3,30,SGN,Air,1
2023,AEOHK,14,30,SGN,Sea,1
2023,AEOJP,27,30,SGN,Sea,1
2023,AEOMEX,52,30,SGN,Sea,2
2023,AEOMIX,150,30,SGN,Sea,2
2023,ATS,17,30,SGN,Sea,1
2023,ATC,3,30,SGN,Sea,1
2023,BOSE,3,30,SGN,Sea,1
2023,BPSH,7,30,SGN,Sea,3
2023,BPSHCA,1,30,SGN,Sea,1
2023,BPSL,3,30,SGN,Sea,2
2023,CONVRS,11,30,SGN,Sea,4
2023,MYSHOE,7,30,SGN,Sea,1
2023,DICKS,1,30,SGN,Sea,1
2023,BELL,1,30,SGN,Sea,1
2023,EDDIEB,1,30,SGN,Sea,1
2023,ELDOR,4,30,SGN,Sea,1
2023,FOOTCA,1,30,SGN,Sea,1
2023,FOOTES,1,30,SGN,Sea,1
2023,FOOTEU,1,30,SGN,Sea,1
2023,GAP,4,30,SGN,Air,4
2023,GAP,487,30,SGN,Sea,13
2023,HAGGAR,9,30,SGN,Sea,1
2023,HBIRAW,1,30,SGN,Sea,1
2023,JCREW,14,30,SGN,Air,8
2023,JCREW,15,30,SGN,Sea,2
2023,LIIRE,1,30,SGN,Sea,1
2023,TKMAXX,86,30,SGN,Sea,5
2023,NBAL,2,30,SGN,Air,1
2023,NBAL,241,30,SGN,Sea,11
2023,NBC,74,30,SGN,Sea,6
2023,NHAC,2,30,SGN,Sea,1
2023,SWOOSH,12,30,SGN,Air,12
2023,SWOOSH,4172,30,SGN,Sea,242
2023,EMLUX,10,30,SGN,Sea,2
2023,EUROM,4,30,SGN,Sea,1
2023,PACSUN,11,30,SGN,Sea,4
2023,RACK,5,30,SGN,Sea,2
2023,RH,117,30,SGN,Sea,34
2023,RSGC,12,30,SGN,Sea,5
2023,CKACEU,2,30,SGN,Sea,1
2023,CKFWEU,3,30,SGN,Sea,1
2023,TOMCEU,1,30,SGN,Sea,1
2023,TOMFTW,6,30,SGN,Sea,2
2023,TOMHAN,10,30,SGN,Sea,2
2023,TOMJEU,3,30,SGN,Sea,2
2023,TOMSEU,1,30,SGN,Sea,1
2023,ARMOUR,127,30,SGN,Sea,21
2023,UAAIR,7,30,SGN,Air,7
2023,UADSHP,5,30,SGN,Sea,2
2023,UAWEN,55,30,SGN,Sea,3
2023,URBAN,115,30,SGN,Sea,6
2023,OUTDOR,113,30,SGN,Sea,30
2023,DORM,1,30,SGN,Sea,1
2023,PVHJA,2,30,SGN,Sea,1
2023,THAS,5,30,SGN,Sea,1
2023,WARAS,10,30,SGN,Sea,3
2023,XHBIL,1,30,SGN,Sea,1
2023,XREDC,1,30,SGN,Sea,1
2023,XWASO,1,30,SGN,Air,1
2023,XWASO,1,30,SGN,Sea,1
2023,AEBV,8,31,SGN,Sea,3
2023,AEOMEX,2,31,SGN,Sea,1
2023,AEOMIX,8,31,SGN,Sea,1
2023,ATC,4,31,SGN,Sea,2
2023,BPSHCA,1,31,SGN,Sea,1
2023,COLE,9,31,SGN,Sea,1
2023,CONVRS,8,31,SGN,Sea,3
2023,EDDIEB,7,31,SGN,Sea,2
2023,GAP,71,31,SGN,Sea,4
2023,JCREW,4,31,SGN,Sea,1
2023,NBAL,1,31,SGN,Air,1
2023,NBAL,8,31,SGN,Sea,2
2023,SWOOSH,497,31,SGN,Sea,60
2023,PACSUN,1,31,SGN,Sea,1
2023,RACK,1,31,SGN,Sea,1
2023,RH,38,31,SGN,Sea,19
2023,RSGC,2,31,SGN,Sea,1
2023,CKJEEU,5,31,SGN,Sea,1
2023,TOMFTW,1,31,SGN,Sea,1
2023,TOMHAN,4,31,SGN,Sea,1
2023,TOMJEU,1,31,SGN,Sea,1
2023,TOMSEU,1,31,SGN,Sea,1
2023,ARMOUR,8,31,SGN,Sea,6
2023,UAAIR,3,31,SGN,Air,3
2023,UAWEN,12,31,SGN,Sea,5
2023,URBAN,1,31,SGN,Sea,1
2023,OUTDOR,16,31,SGN,Sea,6
2023,THAS,1,31,SGN,Sea,1
2023,WARAS,11,31,SGN,Sea,2
